,Date,Close
0,2018-01-02,2673.610107421875
1,2018-01-03,2695.81005859375
2,2018-01-04,2713.06005859375
3,2018-01-05,2723.989990234375
4,2018-01-08,2743.14990234375
5,2018-01-09,2747.7099609375
6,2018-01-10,2751.2900390625
7,2018-01-11,2748.22998046875
8,2018-01-12,2767.56005859375
9,2018-01-15,2786.239990234375
10,2018-01-17,2776.419921875
11,2018-01-18,2802.56005859375
12,2018-01-19,2798.030029296875
13,2018-01-22,2810.300048828125
14,2018-01-23,2832.969970703125
15,2018-01-24,2839.1298828125
16,2018-01-25,2837.5400390625
17,2018-01-26,2839.25
18,2018-01-29,2872.8701171875
19,2018-01-30,2853.530029296875
20,2018-01-31,2822.429931640625
21,2018-02-01,2823.81005859375
22,2018-02-02,2821.97998046875
23,2018-02-05,2762.1298828125
24,2018-02-06,2648.93994140625
25,2018-02-07,2695.139892578125
26,2018-02-08,2681.659912109375
27,2018-02-09,2581.0
28,2018-02-12,2619.550048828125
29,2018-02-13,2656.0
30,2018-02-14,2662.93994140625
31,2018-02-16,2698.6298828125
33,2018-02-19,2732.219970703125
34,2018-02-21,2716.260009765625
35,2018-02-22,2701.330078125
36,2018-02-23,2703.9599609375
37,2018-02-26,2747.300048828125
38,2018-02-27,2779.60009765625
39,2018-02-28,2744.280029296875
40,2018-03-02,2713.830078125
42,2018-03-05,2691.25
43,2018-03-06,2720.93994140625
44,2018-03-07,2728.1201171875
45,2018-03-08,2726.800048828125
46,2018-03-09,2738.969970703125
47,2018-03-12,2786.570068359375
48,2018-03-13,2783.02001953125
49,2018-03-14,2765.31005859375
50,2018-03-15,2749.47998046875
51,2018-03-16,2747.330078125
52,2018-03-19,2752.010009765625
53,2018-03-20,2712.919921875
54,2018-03-21,2716.93994140625
55,2018-03-22,2711.929931640625
56,2018-03-23,2643.68994140625
57,2018-03-26,2588.260009765625
58,2018-03-27,2658.550048828125
59,2018-03-28,2612.6201171875
60,2018-03-29,2605.0
61,2018-03-30,2640.8701171875
62,2018-04-03,2581.8798828125
63,2018-04-04,2614.449951171875
64,2018-04-05,2644.68994140625
65,2018-04-06,2662.840087890625
66,2018-04-09,2604.469970703125
67,2018-04-10,2613.159912109375
68,2018-04-11,2656.8701171875
69,2018-04-12,2642.18994140625
70,2018-04-13,2663.989990234375
71,2018-04-16,2656.300048828125
72,2018-04-17,2677.840087890625
73,2018-04-18,2706.389892578125
74,2018-04-19,2708.639892578125
75,2018-04-20,2693.1298828125
76,2018-04-23,2670.139892578125
77,2018-04-24,2670.2900390625
78,2018-04-25,2634.56005859375
79,2018-04-26,2639.39990234375
80,2018-04-27,2666.93994140625
81,2018-04-30,2669.909912109375
82,2018-05-02,2648.050048828125
84,2018-05-03,2635.669921875
85,2018-05-04,2629.72998046875
87,2018-05-08,2672.6298828125
88,2018-05-09,2671.919921875
89,2018-05-10,2697.7900390625
90,2018-05-11,2723.070068359375
91,2018-05-14,2727.719970703125
92,2018-05-15,2730.1298828125
93,2018-05-16,2711.449951171875
94,2018-05-17,2722.4599609375
95,2018-05-18,2720.1298828125
96,2018-05-21,2712.969970703125
98,2018-05-23,2724.43994140625
99,2018-05-24,2733.2900390625
100,2018-05-25,2727.760009765625
101,2018-05-28,2721.330078125
102,2018-05-30,2689.860107421875
103,2018-05-31,2724.010009765625
104,2018-06-01,2705.27001953125
105,2018-06-04,2734.6201171875
106,2018-06-05,2746.8701171875
108,2018-06-07,2772.35009765625
109,2018-06-08,2770.3701171875
110,2018-06-11,2779.030029296875
111,2018-06-12,2782.0
112,2018-06-14,2786.85009765625
114,2018-06-15,2782.489990234375
115,2018-06-18,2779.659912109375
116,2018-06-19,2773.75
117,2018-06-20,2762.590087890625
118,2018-06-21,2767.320068359375
119,2018-06-22,2749.760009765625
120,2018-06-25,2754.8798828125
121,2018-06-26,2717.070068359375
122,2018-06-27,2723.06005859375
123,2018-06-28,2699.6298828125
124,2018-06-29,2716.31005859375
125,2018-07-02,2718.3701171875
126,2018-07-03,2726.7099609375
127,2018-07-04,2713.219970703125
128,2018-07-06,2736.610107421875
129,2018-07-09,2759.820068359375
130,2018-07-10,2784.169921875
131,2018-07-11,2793.840087890625
132,2018-07-12,2774.02001953125
133,2018-07-13,2798.2900390625
134,2018-07-16,2801.31005859375
135,2018-07-17,2798.429931640625
136,2018-07-18,2809.550048828125
137,2018-07-19,2815.6201171875
138,2018-07-20,2804.489990234375
139,2018-07-23,2801.830078125
140,2018-07-24,2806.97998046875
141,2018-07-25,2820.39990234375
142,2018-07-26,2846.070068359375
143,2018-07-27,2837.43994140625
144,2018-07-30,2818.820068359375
145,2018-07-31,2802.60009765625
146,2018-08-01,2816.2900390625
147,2018-08-02,2813.360107421875
148,2018-08-03,2827.219970703125
149,2018-08-06,2840.35009765625
150,2018-08-07,2850.39990234375
151,2018-08-08,2858.449951171875
152,2018-08-09,2857.699951171875
153,2018-08-10,2853.580078125
154,2018-08-13,2833.280029296875
155,2018-08-14,2821.929931640625
157,2018-08-16,2818.3701171875
158,2018-08-17,2840.68994140625
159,2018-08-20,2850.1298828125
160,2018-08-21,2857.050048828125
161,2018-08-22,2862.9599609375
162,2018-08-23,2861.820068359375
163,2018-08-24,2856.97998046875
164,2018-08-27,2874.68994140625
165,2018-08-28,2896.739990234375
166,2018-08-29,2897.52001953125
167,2018-08-30,2914.0400390625
168,2018-08-31,2901.1298828125
169,2018-09-03,2901.52001953125
170,2018-09-05,2896.719970703125
171,2018-09-06,2888.60009765625
172,2018-09-07,2878.050048828125
173,2018-09-10,2871.679931640625
174,2018-09-11,2877.1298828125
175,2018-09-12,2887.889892578125
176,2018-09-13,2888.919921875
177,2018-09-14,2904.179931640625
178,2018-09-17,2904.97998046875
179,2018-09-18,2888.800048828125
180,2018-09-19,2904.31005859375
181,2018-09-20,2907.949951171875
182,2018-09-21,2930.75
183,2018-09-25,2929.669921875
184,2018-09-26,2919.3701171875
185,2018-09-27,2915.56005859375
187,2018-09-28,2914.0
188,2018-10-01,2913.97998046875
189,2018-10-02,2924.590087890625
191,2018-10-04,2925.510009765625
192,2018-10-05,2901.610107421875
193,2018-10-08,2885.570068359375
195,2018-10-10,2880.340087890625
196,2018-10-11,2785.679931640625
197,2018-10-12,2728.3701171875
198,2018-10-15,2767.1298828125
199,2018-10-16,2750.7900390625
200,2018-10-17,2809.919921875
201,2018-10-18,2809.2099609375
202,2018-10-19,2768.780029296875
203,2018-10-22,2767.780029296875
204,2018-10-23,2755.8798828125
205,2018-10-24,2740.68994140625
206,2018-10-25,2656.10009765625
207,2018-10-26,2705.570068359375
208,2018-10-29,2658.68994140625
209,2018-10-30,2641.25
210,2018-10-31,2682.6298828125
211,2018-11-01,2711.739990234375
212,2018-11-02,2740.3701171875
213,2018-11-05,2723.06005859375
214,2018-11-06,2738.31005859375
215,2018-11-07,2755.449951171875
216,2018-11-08,2813.889892578125
217,2018-11-09,2806.830078125
218,2018-11-12,2781.010009765625
219,2018-11-13,2726.219970703125
220,2018-11-14,2722.179931640625
221,2018-11-15,2701.580078125
222,2018-11-16,2730.199951171875
223,2018-11-19,2736.27001953125
224,2018-11-20,2690.72998046875
225,2018-11-21,2641.889892578125
226,2018-11-22,2649.929931640625
227,2018-11-26,2632.56005859375
228,2018-11-27,2673.449951171875
229,2018-11-28,2682.169921875
230,2018-11-29,2743.7900390625
231,2018-11-30,2737.800048828125
232,2018-12-03,2760.169921875
233,2018-12-04,2790.3701171875
234,2018-12-05,2700.06005859375
235,2018-12-07,2695.949951171875
236,2018-12-10,2633.080078125
237,2018-12-11,2637.719970703125
238,2018-12-12,2636.780029296875
239,2018-12-13,2651.070068359375
240,2018-12-14,2650.5400390625
241,2018-12-17,2599.949951171875
242,2018-12-18,2545.93994140625
243,2018-12-19,2546.159912109375
244,2018-12-20,2506.9599609375
245,2018-12-21,2467.419921875
246,2018-12-24,2416.6201171875
247,2018-12-26,2351.10009765625
248,2018-12-27,2467.699951171875
249,2018-12-28,2488.830078125
250,2019-01-01,2485.739990234375
251,2019-01-02,2506.85009765625
252,2019-01-03,2510.030029296875
253,2019-01-04,2447.889892578125
254,2019-01-07,2531.93994140625
255,2019-01-08,2549.68994140625
256,2019-01-09,2574.409912109375
257,2019-01-10,2584.9599609375
258,2019-01-11,2596.639892578125
259,2019-01-14,2596.260009765625
260,2019-01-15,2582.610107421875
261,2019-01-16,2610.300048828125
262,2019-01-17,2616.10009765625
263,2019-01-18,2635.9599609375
264,2019-01-21,2670.7099609375
265,2019-01-23,2632.89990234375
266,2019-01-24,2638.699951171875
267,2019-01-25,2642.330078125
268,2019-01-28,2664.760009765625
269,2019-01-29,2643.85009765625
270,2019-01-30,2640.0
271,2019-01-31,2681.050048828125
272,2019-02-01,2704.10009765625
273,2019-02-05,2706.530029296875
274,2019-02-06,2724.8701171875
276,2019-02-07,2731.610107421875
277,2019-02-08,2706.050048828125
278,2019-02-11,2707.8798828125
279,2019-02-12,2709.800048828125
280,2019-02-13,2744.72998046875
281,2019-02-14,2753.030029296875
282,2019-02-15,2745.72998046875
283,2019-02-18,2775.60009765625
284,2019-02-20,2779.760009765625
285,2019-02-21,2784.699951171875
286,2019-02-22,2774.8798828125
287,2019-02-25,2792.669921875
288,2019-02-26,2796.110107421875
289,2019-02-27,2793.89990234375
290,2019-02-28,2792.3798828125
292,2019-03-04,2803.68994140625
293,2019-03-05,2792.81005859375
294,2019-03-06,2789.64990234375
295,2019-03-07,2771.449951171875
296,2019-03-08,2748.929931640625
297,2019-03-11,2743.070068359375
298,2019-03-12,2783.300048828125
299,2019-03-13,2791.52001953125
300,2019-03-14,2810.919921875
301,2019-03-15,2808.47998046875
302,2019-03-18,2822.47998046875
303,2019-03-19,2832.93994140625
304,2019-03-20,2832.570068359375
305,2019-03-21,2824.22998046875
306,2019-03-22,2854.8798828125
307,2019-03-25,2800.7099609375
308,2019-03-26,2798.360107421875
309,2019-03-27,2818.4599609375
310,2019-03-28,2805.3701171875
311,2019-03-29,2815.43994140625
312,2019-04-01,2834.39990234375
313,2019-04-02,2867.18994140625
314,2019-04-03,2867.239990234375
315,2019-04-04,2873.39990234375
316,2019-04-05,2879.389892578125
317,2019-04-08,2892.739990234375
318,2019-04-09,2895.77001953125
319,2019-04-10,2878.199951171875
320,2019-04-11,2888.2099609375
321,2019-04-12,2888.320068359375
322,2019-04-15,2907.409912109375
323,2019-04-16,2905.580078125
324,2019-04-17,2907.06005859375
325,2019-04-18,2900.449951171875
326,2019-04-19,2905.030029296875
327,2019-04-23,2907.969970703125
328,2019-04-24,2933.679931640625
329,2019-04-25,2927.25
330,2019-04-26,2926.169921875
331,2019-04-29,2939.8798828125
332,2019-04-30,2943.030029296875
334,2019-05-02,2923.72998046875
335,2019-05-03,2917.52001953125
337,2019-05-07,2932.469970703125
338,2019-05-08,2884.050048828125
339,2019-05-09,2879.419921875
340,2019-05-10,2870.719970703125
341,2019-05-13,2881.39990234375
342,2019-05-14,2811.8701171875
343,2019-05-15,2834.409912109375
344,2019-05-16,2850.9599609375
345,2019-05-17,2876.320068359375
346,2019-05-20,2859.530029296875
347,2019-05-21,2840.22998046875
348,2019-05-22,2864.360107421875
349,2019-05-23,2856.27001953125
350,2019-05-24,2822.239990234375
351,2019-05-27,2826.06005859375
352,2019-05-29,2802.389892578125
353,2019-05-30,2783.02001953125
354,2019-05-31,2788.860107421875
355,2019-06-03,2752.06005859375
356,2019-06-04,2744.449951171875
357,2019-06-05,2803.27001953125
359,2019-06-07,2843.489990234375
360,2019-06-10,2873.340087890625
361,2019-06-11,2886.72998046875
362,2019-06-12,2885.719970703125
363,2019-06-13,2879.840087890625
364,2019-06-14,2891.639892578125
365,2019-06-17,2886.97998046875
366,2019-06-18,2889.669921875
367,2019-06-19,2917.75
368,2019-06-20,2926.4599609375
369,2019-06-21,2954.179931640625
370,2019-06-24,2950.4599609375
371,2019-06-25,2945.35009765625
372,2019-06-26,2917.3798828125
373,2019-06-27,2913.780029296875
374,2019-06-28,2924.919921875
375,2019-07-01,2941.760009765625
376,2019-07-02,2964.330078125
377,2019-07-03,2973.010009765625
378,2019-07-04,2995.820068359375
379,2019-07-08,2990.409912109375
380,2019-07-09,2975.949951171875
381,2019-07-10,2979.6298828125
382,2019-07-11,2993.070068359375
383,2019-07-12,2999.909912109375
384,2019-07-15,3013.77001953125
385,2019-07-16,3014.300048828125
386,2019-07-17,3004.0400390625
387,2019-07-18,2984.419921875
388,2019-07-19,2995.110107421875
389,2019-07-22,2976.610107421875
390,2019-07-23,2985.030029296875
391,2019-07-24,3005.469970703125
392,2019-07-25,3019.56005859375
393,2019-07-26,3003.669921875
394,2019-07-29,3025.860107421875
395,2019-07-30,3020.969970703125
396,2019-07-31,3013.179931640625
397,2019-08-01,2980.3798828125
398,2019-08-02,2953.56005859375
399,2019-08-05,2932.050048828125
400,2019-08-06,2844.739990234375
401,2019-08-07,2881.77001953125
402,2019-08-08,2883.97998046875
403,2019-08-09,2938.090087890625
404,2019-08-12,2918.64990234375
405,2019-08-13,2882.699951171875
406,2019-08-14,2926.320068359375
408,2019-08-16,2847.60009765625
409,2019-08-19,2888.679931640625
410,2019-08-20,2923.64990234375
411,2019-08-21,2900.510009765625
412,2019-08-22,2924.429931640625
413,2019-08-23,2922.949951171875
414,2019-08-26,2847.110107421875
415,2019-08-27,2878.3798828125
416,2019-08-28,2869.159912109375
417,2019-08-29,2887.93994140625
418,2019-08-30,2924.580078125
419,2019-09-02,2926.4599609375
420,2019-09-04,2906.27001953125
421,2019-09-05,2937.780029296875
422,2019-09-06,2976.0
423,2019-09-09,2978.7099609375
424,2019-09-10,2978.429931640625
425,2019-09-11,2979.389892578125
426,2019-09-13,3000.929931640625
428,2019-09-16,3007.389892578125
429,2019-09-17,2997.9599609375
430,2019-09-18,3005.699951171875
431,2019-09-19,3006.72998046875
432,2019-09-20,3006.7900390625
433,2019-09-23,2992.070068359375
434,2019-09-24,2991.780029296875
435,2019-09-25,2966.60009765625
436,2019-09-26,2984.8701171875
437,2019-09-27,2977.6201171875
438,2019-09-30,2961.7900390625
439,2019-10-01,2976.739990234375
440,2019-10-02,2940.25
442,2019-10-04,2910.6298828125
443,2019-10-07,2952.010009765625
444,2019-10-08,2938.7900390625
445,2019-10-10,2893.06005859375
447,2019-10-11,2938.1298828125
448,2019-10-14,2970.27001953125
449,2019-10-15,2966.14990234375
450,2019-10-16,2995.679931640625
451,2019-10-17,2989.68994140625
452,2019-10-18,2997.949951171875
453,2019-10-21,2986.199951171875
454,2019-10-22,3006.719970703125
455,2019-10-23,2995.989990234375
456,2019-10-24,3004.52001953125
457,2019-10-25,3010.2900390625
458,2019-10-28,3022.550048828125
459,2019-10-29,3039.419921875
460,2019-10-30,3036.889892578125
461,2019-10-31,3046.77001953125
462,2019-11-01,3037.56005859375
463,2019-11-04,3066.909912109375
464,2019-11-05,3078.27001953125
465,2019-11-06,3074.6201171875
466,2019-11-07,3076.780029296875
467,2019-11-08,3085.179931640625
468,2019-11-11,3093.080078125
469,2019-11-12,3087.010009765625
470,2019-11-13,3091.840087890625
471,2019-11-14,3094.0400390625
472,2019-11-15,3096.6298828125
473,2019-11-18,3120.4599609375
474,2019-11-19,3122.030029296875
475,2019-11-20,3120.179931640625
476,2019-11-21,3108.4599609375
477,2019-11-22,3103.5400390625
478,2019-11-25,3110.2900390625
479,2019-11-26,3133.639892578125
480,2019-11-27,3140.52001953125
481,2019-11-28,3153.6298828125
482,2019-12-02,3140.97998046875
483,2019-12-03,3113.8701171875
484,2019-12-04,3093.199951171875
485,2019-12-05,3112.760009765625
486,2019-12-06,3117.429931640625
487,2019-12-09,3145.909912109375
488,2019-12-10,3135.9599609375
489,2019-12-11,3132.52001953125
490,2019-12-12,3141.6298828125
491,2019-12-13,3168.570068359375
492,2019-12-16,3168.800048828125
493,2019-12-17,3191.449951171875
494,2019-12-18,3192.52001953125
495,2019-12-19,3191.139892578125
496,2019-12-20,3205.3701171875
497,2019-12-23,3221.219970703125
498,2019-12-24,3224.010009765625
499,2019-12-26,3223.3798828125
500,2019-12-27,3239.909912109375
501,2019-12-30,3240.02001953125
502,2020-01-01,3221.2900390625
503,2020-01-02,3230.780029296875
504,2020-01-03,3257.85009765625
505,2020-01-06,3234.85009765625
506,2020-01-07,3246.280029296875
507,2020-01-08,3237.179931640625
508,2020-01-09,3253.050048828125
509,2020-01-10,3274.699951171875
510,2020-01-13,3265.35009765625
511,2020-01-14,3288.1298828125
512,2020-01-15,3283.14990234375
513,2020-01-16,3289.2900390625
514,2020-01-17,3316.81005859375
515,2020-01-20,3329.6201171875
516,2020-01-22,3320.7900390625
517,2020-01-23,3321.75
518,2020-01-27,3325.5400390625
520,2020-01-28,3243.6298828125
521,2020-01-29,3276.239990234375
522,2020-01-30,3273.39990234375
523,2020-01-31,3283.659912109375
524,2020-02-03,3225.52001953125
525,2020-02-04,3248.919921875
526,2020-02-05,3297.590087890625
527,2020-02-06,3334.68994140625
528,2020-02-07,3345.780029296875
529,2020-02-10,3327.7099609375
530,2020-02-11,3352.090087890625
531,2020-02-12,3357.75
532,2020-02-13,3379.449951171875
533,2020-02-14,3373.93994140625
534,2020-02-17,3380.159912109375
535,2020-02-19,3370.2900390625
536,2020-02-20,3386.14990234375
537,2020-02-21,3373.22998046875
538,2020-02-24,3337.75
539,2020-02-25,3225.889892578125
540,2020-02-26,3128.2099609375
541,2020-02-27,3116.389892578125
542,2020-02-28,2978.760009765625
543,2020-03-02,2954.219970703125
544,2020-03-03,3090.22998046875
545,2020-03-04,3003.3701171875
546,2020-03-05,3130.1201171875
547,2020-03-06,3023.93994140625
548,2020-03-09,2972.3701171875
549,2020-03-10,2746.56005859375
550,2020-03-11,2882.22998046875
551,2020-03-12,2741.3798828125
552,2020-03-13,2480.639892578125
553,2020-03-16,2711.02001953125
554,2020-03-17,2386.1298828125
555,2020-03-18,2529.18994140625
556,2020-03-19,2398.10009765625
557,2020-03-20,2409.389892578125
558,2020-03-23,2304.919921875
559,2020-03-24,2237.39990234375
560,2020-03-25,2447.330078125
561,2020-03-26,2475.56005859375
562,2020-03-27,2630.070068359375
563,2020-03-30,2541.469970703125
564,2020-03-31,2626.64990234375
565,2020-04-01,2584.590087890625
566,2020-04-02,2470.5
567,2020-04-03,2526.89990234375
568,2020-04-06,2488.64990234375
569,2020-04-07,2663.679931640625
570,2020-04-08,2659.409912109375
571,2020-04-09,2749.97998046875
572,2020-04-10,2789.820068359375
573,2020-04-14,2761.6298828125
575,2020-04-16,2783.360107421875
576,2020-04-17,2799.550048828125
577,2020-04-20,2874.56005859375
578,2020-04-21,2823.159912109375
579,2020-04-22,2736.56005859375
580,2020-04-23,2799.31005859375
581,2020-04-24,2797.800048828125
582,2020-04-27,2836.739990234375
583,2020-04-28,2878.47998046875
584,2020-04-29,2863.389892578125
585,2020-05-01,2939.510009765625
587,2020-05-04,2830.7099609375
589,2020-05-06,2868.43994140625
590,2020-05-07,2848.419921875
591,2020-05-08,2881.18994140625
592,2020-05-11,2929.800048828125
593,2020-05-12,2930.18994140625
594,2020-05-13,2870.1201171875
595,2020-05-14,2820.0
596,2020-05-15,2852.5
597,2020-05-18,2863.699951171875
598,2020-05-19,2953.909912109375
599,2020-05-20,2922.93994140625
600,2020-05-21,2971.610107421875
601,2020-05-22,2948.510009765625
602,2020-05-25,2955.449951171875
603,2020-05-27,2991.77001953125
604,2020-05-28,3036.1298828125
605,2020-05-29,3029.72998046875
606,2020-06-01,3044.31005859375
607,2020-06-02,3055.72998046875
608,2020-06-03,3080.820068359375
609,2020-06-04,3122.8701171875
610,2020-06-05,3112.35009765625
611,2020-06-08,3193.929931640625
612,2020-06-09,3232.389892578125
613,2020-06-10,3207.179931640625
614,2020-06-11,3190.139892578125
615,2020-06-12,3002.10009765625
616,2020-06-15,3041.31005859375
617,2020-06-16,3066.590087890625
618,2020-06-17,3124.739990234375
619,2020-06-18,3113.489990234375
620,2020-06-19,3115.340087890625
621,2020-06-22,3097.739990234375
622,2020-06-23,3117.860107421875
623,2020-06-24,3131.2900390625
624,2020-06-25,3050.330078125
625,2020-06-26,3083.760009765625
626,2020-06-29,3009.050048828125
627,2020-06-30,3053.239990234375
628,2020-07-01,3100.2900390625
629,2020-07-02,3115.860107421875
630,2020-07-03,3130.010009765625
631,2020-07-07,3179.719970703125
632,2020-07-08,3145.320068359375
633,2020-07-09,3169.93994140625
634,2020-07-10,3152.050048828125
635,2020-07-13,3185.0400390625
636,2020-07-14,3155.219970703125
637,2020-07-15,3197.52001953125
638,2020-07-16,3226.56005859375
639,2020-07-17,3215.570068359375
640,2020-07-20,3224.72998046875
641,2020-07-21,3251.840087890625
642,2020-07-22,3257.300048828125
643,2020-07-23,3276.02001953125
644,2020-07-24,3235.659912109375
645,2020-07-27,3215.6298828125
646,2020-07-28,3239.409912109375
647,2020-07-29,3218.43994140625
648,2020-07-30,3258.43994140625
649,2020-07-31,3246.219970703125
650,2020-08-03,3271.1201171875
651,2020-08-04,3294.610107421875
652,2020-08-05,3306.510009765625
653,2020-08-06,3327.77001953125
654,2020-08-07,3349.159912109375
655,2020-08-10,3351.280029296875
656,2020-08-11,3360.469970703125
657,2020-08-12,3333.68994140625
658,2020-08-13,3380.35009765625
659,2020-08-14,3373.429931640625
661,2020-08-18,3381.989990234375
662,2020-08-19,3389.780029296875
663,2020-08-20,3374.85009765625
664,2020-08-21,3385.510009765625
665,2020-08-24,3397.159912109375
666,2020-08-25,3431.280029296875
667,2020-08-26,3443.6201171875
668,2020-08-27,3478.72998046875
669,2020-08-28,3484.550048828125
670,2020-08-31,3508.010009765625
671,2020-09-01,3500.31005859375
672,2020-09-02,3526.64990234375
673,2020-09-03,3580.840087890625
674,2020-09-04,3455.06005859375
675,2020-09-07,3426.9599609375
676,2020-09-09,3331.840087890625
677,2020-09-10,3398.9599609375
678,2020-09-11,3339.18994140625
679,2020-09-14,3340.969970703125
680,2020-09-15,3383.5400390625
681,2020-09-16,3401.199951171875
682,2020-09-17,3385.489990234375
683,2020-09-18,3357.010009765625
684,2020-09-21,3319.469970703125
685,2020-09-22,3281.06005859375
686,2020-09-23,3315.570068359375
687,2020-09-24,3236.919921875
688,2020-09-25,3246.590087890625
689,2020-09-28,3298.4599609375
690,2020-09-29,3351.60009765625
691,2020-10-01,3335.469970703125
692,2020-10-02,3363.0
694,2020-10-05,3348.419921875
695,2020-10-06,3408.60009765625
696,2020-10-07,3360.969970703125
697,2020-10-08,3419.43994140625
699,2020-10-12,3477.139892578125
700,2020-10-13,3534.219970703125
701,2020-10-14,3511.929931640625
702,2020-10-15,3488.669921875
703,2020-10-16,3483.340087890625
704,2020-10-19,3483.81005859375
705,2020-10-20,3426.919921875
706,2020-10-21,3443.1201171875
707,2020-10-22,3435.56005859375
708,2020-10-23,3453.489990234375
709,2020-10-26,3465.389892578125
710,2020-10-27,3400.969970703125
711,2020-10-28,3390.679931640625
712,2020-10-29,3271.030029296875
713,2020-10-30,3310.110107421875
714,2020-11-02,3269.9599609375
715,2020-11-03,3310.239990234375
716,2020-11-04,3369.159912109375
717,2020-11-05,3443.43994140625
718,2020-11-06,3510.449951171875
719,2020-11-09,3509.43994140625
720,2020-11-10,3550.5
721,2020-11-11,3545.530029296875
722,2020-11-12,3572.659912109375
723,2020-11-13,3537.010009765625
724,2020-11-16,3585.14990234375
725,2020-11-17,3626.909912109375
726,2020-11-18,3609.530029296875
727,2020-11-19,3567.7900390625
728,2020-11-20,3581.8701171875
729,2020-11-23,3557.5400390625
730,2020-11-24,3577.590087890625
731,2020-11-25,3635.409912109375
732,2020-11-26,3629.64990234375
733,2020-11-30,3638.35009765625
734,2020-12-01,3621.6298828125
735,2020-12-02,3662.449951171875
736,2020-12-03,3669.010009765625
737,2020-12-04,3666.719970703125
738,2020-12-07,3699.1201171875
739,2020-12-08,3691.9599609375
740,2020-12-09,3702.25
741,2020-12-10,3672.820068359375
742,2020-12-11,3668.10009765625
743,2020-12-14,3663.4599609375
744,2020-12-15,3647.489990234375
745,2020-12-16,3694.6201171875
746,2020-12-17,3701.169921875
747,2020-12-18,3722.47998046875
748,2020-12-21,3709.409912109375
749,2020-12-22,3694.919921875
750,2020-12-23,3687.260009765625
751,2020-12-24,3690.010009765625
752,2020-12-28,3703.06005859375
753,2020-12-29,3735.360107421875
754,2020-12-30,3727.0400390625
755,2021-01-01,3732.0400390625
756,2021-01-04,3756.070068359375
757,2021-01-05,3700.64990234375
758,2021-01-06,3726.860107421875
759,2021-01-07,3748.139892578125
760,2021-01-08,3803.7900390625
761,2021-01-11,3824.679931640625
762,2021-01-12,3799.610107421875
763,2021-01-13,3801.18994140625
764,2021-01-14,3809.840087890625
765,2021-01-15,3795.5400390625
766,2021-01-18,3768.25
767,2021-01-20,3798.909912109375
768,2021-01-21,3851.85009765625
769,2021-01-22,3853.070068359375
770,2021-01-25,3841.469970703125
771,2021-01-26,3855.360107421875
772,2021-01-27,3849.6201171875
773,2021-01-28,3750.77001953125
774,2021-01-29,3787.3798828125
775,2021-02-01,3714.239990234375
776,2021-02-02,3773.860107421875
777,2021-02-03,3826.31005859375
778,2021-02-04,3830.169921875
779,2021-02-05,3871.739990234375
780,2021-02-08,3886.830078125
781,2021-02-09,3915.590087890625
782,2021-02-10,3911.22998046875
783,2021-02-12,3909.8798828125
785,2021-02-15,3934.830078125
786,2021-02-17,3932.590087890625
787,2021-02-18,3931.330078125
788,2021-02-19,3913.969970703125
789,2021-02-22,3906.7099609375
790,2021-02-23,3876.5
791,2021-02-24,3881.3701171875
792,2021-02-25,3925.429931640625
793,2021-02-26,3829.340087890625
795,2021-03-02,3901.820068359375
796,2021-03-03,3870.2900390625
797,2021-03-04,3819.719970703125
798,2021-03-05,3768.469970703125
799,2021-03-08,3841.93994140625
800,2021-03-09,3821.35009765625
801,2021-03-10,3875.43994140625
802,2021-03-11,3898.81005859375
803,2021-03-12,3939.340087890625
804,2021-03-15,3943.340087890625
805,2021-03-16,3968.93994140625
806,2021-03-17,3962.7099609375
807,2021-03-18,3974.1201171875
808,2021-03-19,3915.4599609375
809,2021-03-22,3913.10009765625
810,2021-03-23,3940.590087890625
811,2021-03-24,3910.52001953125
812,2021-03-25,3889.139892578125
813,2021-03-26,3909.52001953125
814,2021-03-29,3974.5400390625
815,2021-03-30,3971.090087890625
816,2021-03-31,3958.550048828125
817,2021-04-01,3972.889892578125
818,2021-04-02,4019.8701171875
819,2021-04-06,4077.909912109375
820,2021-04-07,4073.93994140625
821,2021-04-08,4079.949951171875
822,2021-04-09,4097.169921875
823,2021-04-12,4128.7998046875
824,2021-04-13,4127.990234375
825,2021-04-14,4141.58984375
826,2021-04-15,4124.66015625
827,2021-04-16,4170.419921875
828,2021-04-19,4185.47021484375
829,2021-04-20,4163.259765625
830,2021-04-21,4134.93994140625
831,2021-04-22,4173.419921875
832,2021-04-23,4134.97998046875
833,2021-04-26,4180.169921875
834,2021-04-27,4187.6201171875
835,2021-04-28,4186.72021484375
836,2021-04-29,4183.18017578125
837,2021-04-30,4211.47021484375
838,2021-05-03,4181.169921875
839,2021-05-04,4192.66015625
840,2021-05-06,4164.66015625
842,2021-05-07,4201.6201171875
843,2021-05-10,4232.60009765625
844,2021-05-11,4188.43017578125
845,2021-05-12,4152.10009765625
846,2021-05-13,4063.0400390625
847,2021-05-14,4112.5
848,2021-05-17,4173.85009765625
849,2021-05-18,4163.2900390625
850,2021-05-20,4127.830078125
852,2021-05-21,4159.1201171875
853,2021-05-24,4155.85986328125
854,2021-05-25,4197.0498046875
855,2021-05-26,4188.1298828125
856,2021-05-27,4195.990234375
857,2021-05-28,4200.8798828125
858,2021-05-31,4204.10986328125
859,2021-06-02,4202.0400390625
860,2021-06-03,4208.1201171875
861,2021-06-04,4192.85009765625
862,2021-06-07,4229.89013671875
863,2021-06-08,4226.52001953125
864,2021-06-09,4227.259765625
865,2021-06-10,4219.5498046875
866,2021-06-11,4239.18017578125
867,2021-06-14,4247.43994140625
868,2021-06-15,4255.14990234375
869,2021-06-16,4246.58984375
870,2021-06-17,4223.7001953125
871,2021-06-18,4221.85986328125
872,2021-06-21,4166.4501953125
873,2021-06-22,4224.7900390625
874,2021-06-23,4246.43994140625
875,2021-06-24,4241.83984375
876,2021-06-25,4266.490234375
877,2021-06-28,4280.7001953125
878,2021-06-29,4290.60986328125
879,2021-06-30,4291.7998046875
880,2021-07-01,4297.5
881,2021-07-02,4319.93994140625
882,2021-07-05,4352.33984375
883,2021-07-07,4343.5400390625
884,2021-07-08,4358.1298828125
885,2021-07-09,4320.81982421875
886,2021-07-12,4369.5498046875
887,2021-07-13,4384.6298828125
888,2021-07-14,4369.2099609375
889,2021-07-15,4374.2998046875
890,2021-07-16,4360.02978515625
891,2021-07-19,4327.16015625
892,2021-07-20,4258.490234375
893,2021-07-21,4323.06005859375
894,2021-07-22,4358.68994140625
895,2021-07-23,4367.47998046875
896,2021-07-26,4411.7900390625
897,2021-07-27,4422.2998046875
898,2021-07-28,4401.4599609375
899,2021-07-29,4400.64013671875
900,2021-07-30,4419.14990234375
901,2021-08-02,4395.259765625
902,2021-08-03,4387.16015625
903,2021-08-04,4423.14990234375
904,2021-08-05,4402.66015625
905,2021-08-06,4429.10009765625
906,2021-08-09,4436.52001953125
907,2021-08-10,4432.35009765625
908,2021-08-11,4436.75
909,2021-08-12,4442.41015625
910,2021-08-13,4460.830078125
912,2021-08-17,4479.7099609375
913,2021-08-18,4448.080078125
914,2021-08-19,4400.27001953125
915,2021-08-20,4405.7998046875
916,2021-08-23,4441.669921875
917,2021-08-24,4479.52978515625
918,2021-08-25,4486.22998046875
919,2021-08-26,4496.18994140625
920,2021-08-27,4470.0
921,2021-08-30,4509.3701171875
922,2021-08-31,4528.7900390625
923,2021-09-01,4522.68017578125
924,2021-09-02,4524.08984375
925,2021-09-03,4536.9501953125
926,2021-09-06,4535.43017578125
927,2021-09-08,4520.02978515625
928,2021-09-09,4514.06982421875
929,2021-09-10,4493.27978515625
930,2021-09-13,4458.580078125
931,2021-09-14,4468.72998046875
932,2021-09-15,4443.0498046875
933,2021-09-16,4480.7001953125
934,2021-09-17,4473.75
935,2021-09-21,4432.990234375
936,2021-09-22,4357.72998046875
938,2021-09-23,4395.64013671875
939,2021-09-24,4448.97998046875
940,2021-09-27,4455.47998046875
941,2021-09-28,4443.10986328125
942,2021-09-29,4352.6298828125
943,2021-09-30,4359.4599609375
944,2021-10-01,4307.5400390625
945,2021-10-05,4357.0400390625
947,2021-10-06,4345.72021484375
948,2021-10-07,4363.5498046875
949,2021-10-08,4399.759765625
951,2021-10-12,4361.18994140625
952,2021-10-13,4350.64990234375
953,2021-10-14,4363.7998046875
954,2021-10-15,4438.259765625
955,2021-10-18,4471.3701171875
956,2021-10-19,4486.4599609375
957,2021-10-20,4519.6298828125
958,2021-10-21,4536.18994140625
959,2021-10-22,4549.77978515625
960,2021-10-25,4544.89990234375
961,2021-10-26,4566.47998046875
962,2021-10-27,4574.7900390625
963,2021-10-28,4551.68017578125
964,2021-10-29,4596.419921875
965,2021-11-01,4605.3798828125
966,2021-11-02,4613.669921875
967,2021-11-03,4630.64990234375
968,2021-11-04,4660.56982421875
969,2021-11-05,4680.06005859375
970,2021-11-08,4697.52978515625
971,2021-11-09,4701.7001953125
972,2021-11-10,4685.25
973,2021-11-11,4646.7099609375
974,2021-11-12,4649.27001953125
975,2021-11-15,4682.85009765625
976,2021-11-16,4682.7998046875
977,2021-11-17,4700.89990234375
978,2021-11-18,4688.669921875
979,2021-11-19,4704.5400390625
980,2021-11-22,4697.9599609375
981,2021-11-23,4682.93994140625
982,2021-11-24,4690.7001953125
983,2021-11-25,4701.4599609375
984,2021-11-29,4594.6201171875
985,2021-11-30,4655.27001953125
986,2021-12-01,4567.0
987,2021-12-02,4513.0400390625
988,2021-12-03,4577.10009765625
989,2021-12-06,4538.43017578125
990,2021-12-07,4591.669921875
991,2021-12-08,4686.75
992,2021-12-09,4701.2099609375
993,2021-12-10,4667.4501953125
994,2021-12-13,4712.02001953125
995,2021-12-14,4668.97021484375
996,2021-12-15,4634.08984375
997,2021-12-16,4709.85009765625
998,2021-12-17,4668.669921875
999,2021-12-20,4620.64013671875
1000,2021-12-21,4568.02001953125
1001,2021-12-22,4649.22998046875
1002,2021-12-23,4696.56005859375
1003,2021-12-24,4725.7900390625
1004,2021-12-28,4791.18994140625
1005,2021-12-29,4786.35009765625
1006,2021-12-30,4793.06005859375
1007,2022-01-03,4778.72998046875
1009,2022-01-04,4796.56005859375
1010,2022-01-05,4793.5400390625
1011,2022-01-06,4700.580078125
1012,2022-01-07,4696.0498046875
1013,2022-01-10,4677.02978515625
1014,2022-01-11,4670.2900390625
1015,2022-01-12,4713.06982421875
1016,2022-01-13,4726.35009765625
1017,2022-01-14,4659.02978515625
1018,2022-01-17,4662.85009765625
1019,2022-01-19,4577.10986328125
1020,2022-01-20,4532.759765625
1021,2022-01-21,4482.72998046875
1022,2022-01-24,4397.93994140625
1023,2022-01-25,4410.1298828125
1024,2022-01-26,4356.4501953125
1025,2022-01-27,4349.93017578125
1026,2022-01-28,4326.509765625
1027,2022-02-01,4431.85009765625
1028,2022-02-02,4515.5498046875
1030,2022-02-03,4589.3798828125
1031,2022-02-04,4477.43994140625
1032,2022-02-07,4500.52978515625
1033,2022-02-08,4483.8701171875
1034,2022-02-09,4521.5400390625
1035,2022-02-10,4587.18017578125
1036,2022-02-11,4504.080078125
1037,2022-02-14,4418.64013671875
1038,2022-02-15,4401.669921875
1039,2022-02-16,4471.06982421875
1040,2022-02-17,4475.009765625
1041,2022-02-18,4380.259765625
1042,2022-02-21,4348.8701171875
1043,2022-02-23,4304.759765625
1044,2022-02-24,4225.5
1045,2022-02-25,4288.7001953125
1046,2022-02-28,4384.64990234375
1048,2022-03-02,4306.259765625
1049,2022-03-03,4386.5400390625
1050,2022-03-04,4363.490234375
1051,2022-03-07,4328.8701171875
1052,2022-03-08,4201.08984375
1054,2022-03-10,4277.8798828125
1055,2022-03-11,4259.52001953125
1056,2022-03-14,4204.31005859375
1057,2022-03-15,4173.10986328125
1058,2022-03-16,4262.4501953125
1059,2022-03-17,4357.85986328125
1060,2022-03-18,4411.669921875
1061,2022-03-21,4463.1201171875
1062,2022-03-22,4461.18017578125
1063,2022-03-23,4511.60986328125
1064,2022-03-24,4456.240234375
1065,2022-03-25,4520.16015625
1066,2022-03-28,4543.06005859375
1067,2022-03-29,4575.52001953125
1068,2022-03-30,4631.60009765625
1069,2022-03-31,4602.4501953125
1070,2022-04-01,4530.41015625
1071,2022-04-04,4545.85986328125
1072,2022-04-05,4582.64013671875
1073,2022-04-06,4525.1201171875
1074,2022-04-07,4481.14990234375
1075,2022-04-08,4500.2099609375
1076,2022-04-11,4488.27978515625
1077,2022-04-12,4412.52978515625
1078,2022-04-13,4397.4501953125
1079,2022-04-14,4446.58984375
1080,2022-04-15,4392.58984375
1081,2022-04-19,4391.68994140625
1082,2022-04-20,4462.2099609375
1083,2022-04-21,4459.4501953125
1084,2022-04-22,4393.66015625
1085,2022-04-25,4271.77978515625
1086,2022-04-26,4296.1201171875
1087,2022-04-27,4175.2001953125
1088,2022-04-28,4183.9599609375
1089,2022-04-29,4287.5
1090,2022-05-02,4131.93017578125
1091,2022-05-03,4155.3798828125
1092,2022-05-04,4175.47998046875
1094,2022-05-06,4146.8701171875
1095,2022-05-09,4123.33984375
1096,2022-05-10,3991.239990234375
1097,2022-05-11,4001.050048828125
1098,2022-05-12,3935.179931640625
1099,2022-05-13,3930.080078125
1100,2022-05-16,4023.889892578125
1101,2022-05-17,4008.010009765625
1102,2022-05-18,4088.85009765625
1103,2022-05-19,3923.679931640625
1104,2022-05-20,3900.7900390625
1105,2022-05-23,3901.360107421875
1106,2022-05-24,3973.75
1107,2022-05-25,3941.47998046875
1108,2022-05-26,3978.72998046875
1109,2022-05-27,4057.840087890625
1110,2022-05-30,4158.240234375
1111,2022-06-02,4132.14990234375
1113,2022-06-03,4176.81982421875
1115,2022-06-07,4121.43017578125
1116,2022-06-08,4160.68017578125
1117,2022-06-09,4115.77001953125
1118,2022-06-10,4017.820068359375
1119,2022-06-13,3900.860107421875
1120,2022-06-14,3749.6298828125
1121,2022-06-15,3735.47998046875
1122,2022-06-16,3789.989990234375
1123,2022-06-17,3666.77001953125
1124,2022-06-20,3674.840087890625
1125,2022-06-22,3764.7900390625
1126,2022-06-23,3759.889892578125
1127,2022-06-24,3795.72998046875
1128,2022-06-27,3911.739990234375
1129,2022-06-28,3900.110107421875
1130,2022-06-29,3821.550048828125
1131,2022-06-30,3818.830078125
1132,2022-07-01,3785.3798828125
1133,2022-07-04,3825.330078125
1134,2022-07-06,3831.389892578125
1135,2022-07-07,3845.080078125
1136,2022-07-08,3902.6201171875
1137,2022-07-11,3899.3798828125
1138,2022-07-12,3854.429931640625
1139,2022-07-13,3818.800048828125
1140,2022-07-14,3801.780029296875
1141,2022-07-15,3790.3798828125
1142,2022-07-18,3863.159912109375
1143,2022-07-19,3830.85009765625
1144,2022-07-20,3936.68994140625
1145,2022-07-21,3959.89990234375
1146,2022-07-22,3998.949951171875
1147,2022-07-25,3961.6298828125
1148,2022-07-26,3966.840087890625
1149,2022-07-27,3921.050048828125
1150,2022-07-28,4023.610107421875
1151,2022-07-29,4072.429931640625
1152,2022-08-01,4130.2900390625
1153,2022-08-02,4118.6298828125
1154,2022-08-03,4091.18994140625
1155,2022-08-04,4155.169921875
1156,2022-08-05,4151.93994140625
1157,2022-08-08,4145.18994140625
1158,2022-08-09,4140.06005859375
1159,2022-08-10,4122.47021484375
1160,2022-08-11,4210.240234375
1161,2022-08-12,4207.27001953125
1163,2022-08-16,4297.14013671875
1164,2022-08-17,4305.2001953125
1165,2022-08-18,4274.0400390625
1166,2022-08-19,4283.740234375
1167,2022-08-22,4228.47998046875
1168,2022-08-23,4137.990234375
1169,2022-08-24,4128.72998046875
1170,2022-08-25,4140.77001953125
1171,2022-08-26,4199.1201171875
1172,2022-08-29,4057.659912109375
1173,2022-08-30,4030.610107421875
1174,2022-08-31,3986.159912109375
1175,2022-09-01,3955.0
1176,2022-09-02,3966.85009765625
1177,2022-09-05,3924.260009765625
1178,2022-09-07,3908.18994140625
1179,2022-09-08,3979.8701171875
1180,2022-09-12,4006.179931640625
1182,2022-09-13,4110.41015625
1183,2022-09-14,3932.68994140625
1184,2022-09-15,3946.010009765625
1185,2022-09-16,3901.35009765625
1186,2022-09-19,3873.330078125
1187,2022-09-20,3899.889892578125
1188,2022-09-21,3855.929931640625
1189,2022-09-22,3789.929931640625
1190,2022-09-23,3757.989990234375
1191,2022-09-26,3693.22998046875
1192,2022-09-27,3655.0400390625
1193,2022-09-28,3647.2900390625
1194,2022-09-29,3719.0400390625
1195,2022-09-30,3640.469970703125
1197,2022-10-04,3678.429931640625
1198,2022-10-05,3790.929931640625
1199,2022-10-06,3783.280029296875
1200,2022-10-07,3744.52001953125
1202,2022-10-11,3612.389892578125
1203,2022-10-12,3588.840087890625
1204,2022-10-13,3577.030029296875
1205,2022-10-14,3669.909912109375
1206,2022-10-17,3583.070068359375
1207,2022-10-18,3677.949951171875
1208,2022-10-19,3719.97998046875
1209,2022-10-20,3695.159912109375
1210,2022-10-21,3665.780029296875
1211,2022-10-24,3752.75
1212,2022-10-25,3797.340087890625
1213,2022-10-26,3859.110107421875
1214,2022-10-27,3830.60009765625
1215,2022-10-28,3807.300048828125
1216,2022-10-31,3901.06005859375
1217,2022-11-01,3871.97998046875
1218,2022-11-02,3856.10009765625
1219,2022-11-03,3759.68994140625
1220,2022-11-04,3719.889892578125
1221,2022-11-07,3770.550048828125
1222,2022-11-08,3806.800048828125
1223,2022-11-09,3828.110107421875
1224,2022-11-10,3748.570068359375
1225,2022-11-11,3956.3701171875
1226,2022-11-14,3992.929931640625
1227,2022-11-15,3957.25
1228,2022-11-16,3991.72998046875
1229,2022-11-17,3958.7900390625
1230,2022-11-18,3946.56005859375
1231,2022-11-21,3965.340087890625
1232,2022-11-22,3949.93994140625
1233,2022-11-23,4003.580078125
1234,2022-11-24,4027.260009765625
1235,2022-11-28,4026.1201171875
1236,2022-11-29,3963.93994140625
1237,2022-11-30,3957.6298828125
1238,2022-12-01,4080.110107421875
1239,2022-12-02,4076.570068359375
1240,2022-12-05,4071.699951171875
1241,2022-12-06,3998.840087890625
1242,2022-12-07,3941.260009765625
1243,2022-12-08,3933.919921875
1244,2022-12-09,3963.510009765625
1245,2022-12-12,3934.3798828125
1246,2022-12-13,3990.56005859375
1247,2022-12-14,4019.64990234375
1248,2022-12-15,3995.320068359375
1249,2022-12-16,3895.75
1250,2022-12-19,3852.360107421875
1251,2022-12-20,3817.659912109375
1252,2022-12-21,3821.6201171875
1253,2022-12-22,3878.43994140625
1254,2022-12-23,3822.389892578125
1255,2022-12-26,3844.820068359375
1256,2022-12-28,3829.25
1257,2022-12-29,3783.219970703125
1258,2023-01-02,3849.280029296875
1260,2023-01-04,3824.139892578125
1261,2023-01-05,3852.969970703125
1262,2023-01-06,3808.10009765625
1263,2023-01-09,3895.080078125
1264,2023-01-10,3892.090087890625
1265,2023-01-11,3919.25
1266,2023-01-12,3969.610107421875
1267,2023-01-13,3983.169921875
1268,2023-01-16,3999.090087890625
1269,2023-01-18,3990.969970703125
1270,2023-01-19,3928.860107421875
1271,2023-01-20,3898.85009765625
1272,2023-01-24,3972.610107421875
1274,2023-01-25,4016.949951171875
1275,2023-01-26,4016.219970703125
1276,2023-01-27,4060.429931640625
1277,2023-01-30,4070.56005859375
1278,2023-01-31,4017.77001953125
1279,2023-02-01,4076.60009765625
1280,2023-02-02,4119.2099609375
1281,2023-02-03,4179.759765625
1282,2023-02-06,4136.47998046875
1283,2023-02-07,4111.080078125
1284,2023-02-08,4164.0
1285,2023-02-09,4117.85986328125
1286,2023-02-10,4081.5
1287,2023-02-13,4090.4599609375
1288,2023-02-14,4137.2900390625
1289,2023-02-15,4136.1298828125
1290,2023-02-16,4147.60009765625
1291,2023-02-17,4090.409912109375
1292,2023-02-20,4079.090087890625
1293,2023-02-22,3997.340087890625
1294,2023-02-23,3991.050048828125
1295,2023-02-24,4012.320068359375
1296,2023-02-27,3970.0400390625
1297,2023-02-28,3982.239990234375
1299,2023-03-02,3951.389892578125
1300,2023-03-03,3981.35009765625
1301,2023-03-06,4045.639892578125
1302,2023-03-07,4048.419921875
1303,2023-03-08,3986.3701171875
1304,2023-03-09,3992.010009765625
1305,2023-03-10,3918.320068359375
1306,2023-03-13,3861.590087890625
1307,2023-03-14,3855.760009765625
1308,2023-03-15,3919.2900390625
1309,2023-03-16,3891.929931640625
1310,2023-03-17,3960.280029296875
1311,2023-03-20,3916.639892578125
1312,2023-03-21,3951.570068359375
1313,2023-03-22,4002.8701171875
1314,2023-03-23,3936.969970703125
1315,2023-03-24,3948.719970703125
1316,2023-03-27,3970.989990234375
1317,2023-03-28,3977.530029296875
1318,2023-03-29,3971.27001953125
1319,2023-03-30,4027.81005859375
1320,2023-03-31,4050.830078125
1321,2023-04-03,4109.31005859375
1322,2023-04-04,4124.509765625
1323,2023-04-05,4100.60009765625
1324,2023-04-06,4090.3798828125
1325,2023-04-07,4105.02001953125
1326,2023-04-11,4109.10986328125
1327,2023-04-12,4108.93994140625
1328,2023-04-13,4091.949951171875
1329,2023-04-14,4146.22021484375
1330,2023-04-17,4137.64013671875
1331,2023-04-18,4151.31982421875
