,종목,매수일,매수가,매도일,매도가,수익률
0,DB하이텍,2018-04-05,13600.0,,,
1,DB하이텍,,,2018-04-06,13950.0,2.5735294117647056
2,DB하이텍,2018-04-24,13600.0,,,
3,DB하이텍,,,2018-05-03,13800.0,1.4705882352941175
4,DB하이텍,2018-06-26,19500.0,,,
5,DB하이텍,,,2018-06-27,19500.0,0.0
6,DB하이텍,2018-07-24,16900.0,,,
7,DB하이텍,,,2018-07-25,17300.0,2.366863905325444
8,DB하이텍,2018-07-27,16600.0,,,
9,DB하이텍,,,2018-07-30,17450.0,5.120481927710843
10,DB하이텍,2018-08-10,16050.0,,,
11,DB하이텍,,,2018-08-16,15850.0,-1.2461059190031152
12,DB하이텍,2018-10-23,12750.0,,,
13,DB하이텍,,,2018-10-31,11200.0,-12.156862745098039
14,DB하이텍,2019-02-01,13000.0,,,
15,DB하이텍,,,2019-02-15,13350.0,2.6923076923076925
16,DB하이텍,2019-05-10,14050.0,,,
17,DB하이텍,,,2019-05-15,14650.0,4.270462633451958
18,DB하이텍,2019-06-19,15650.0,,,
19,DB하이텍,,,2019-07-03,15900.0,1.5974440894568689
20,DB하이텍,2019-07-09,13600.0,,,
21,DB하이텍,,,2019-07-11,13600.0,0.0
22,DB하이텍,2019-08-06,12100.0,,,
23,DB하이텍,,,2019-08-07,12550.0,3.71900826446281
24,DB하이텍,2020-02-03,26750.0,,,
25,DB하이텍,,,2020-02-04,29250.0,9.345794392523365
26,DB하이텍,2020-02-28,25000.0,,,
27,DB하이텍,,,2020-03-03,27000.0,8.0
28,DB하이텍,2020-03-04,24900.0,,,
29,DB하이텍,,,2020-03-05,26100.0,4.819277108433735
30,DB하이텍,2020-03-12,22750.0,,,
31,DB하이텍,,,2020-03-16,21100.0,-7.252747252747254
32,DB하이텍,2020-03-17,17900.0,,,
33,DB하이텍,,,2020-03-18,19200.0,7.262569832402235
34,DB하이텍,2020-03-19,17300.0,,,
35,DB하이텍,,,2020-03-23,16150.0,-6.6473988439306355
36,DB하이텍,2020-03-26,21250.0,,,
37,DB하이텍,,,2020-03-31,21600.0,1.647058823529412
38,DB하이텍,2020-05-28,30800.0,,,
39,DB하이텍,,,2020-06-02,30750.0,-0.16233766233766234
40,DB하이텍,2020-06-16,27950.0,,,
41,DB하이텍,,,2020-06-17,27700.0,-0.8944543828264758
42,DB하이텍,2020-08-19,35300.0,,,
43,DB하이텍,,,2020-08-20,37900.0,7.365439093484419
44,DB하이텍,2020-11-02,31950.0,,,
45,DB하이텍,,,2020-11-05,35000.0,9.546165884194053
46,DB하이텍,2020-12-01,35750.0,,,
47,DB하이텍,,,2020-12-18,36550.0,2.237762237762238
48,DB하이텍,2021-02-01,61200.0,,,
49,DB하이텍,,,2021-02-02,64500.0,5.392156862745098
50,DB하이텍,2021-03-09,50700.0,,,
51,DB하이텍,,,2021-03-12,52800.0,4.142011834319527
52,DB하이텍,2021-05-17,56100.0,,,
53,DB하이텍,,,2021-05-24,54100.0,-3.5650623885918007
54,DB하이텍,2021-05-25,52000.0,,,
55,DB하이텍,,,2021-06-03,54700.0,5.1923076923076925
56,DB하이텍,2021-08-12,61700.0,,,
57,DB하이텍,,,2021-08-13,65100.0,5.510534846029174
58,DB하이텍,2021-11-25,74000.0,,,
59,DB하이텍,,,2021-11-30,75200.0,1.6216216216216217
60,DB하이텍,2021-12-01,67900.0,,,
61,DB하이텍,,,2021-12-02,67000.0,-1.3254786450662739
62,DB하이텍,2021-12-09,69100.0,,,
63,DB하이텍,,,2021-12-16,72500.0,4.92040520984081
64,DB하이텍,2022-01-24,77200.0,,,
65,DB하이텍,,,2022-01-25,80000.0,3.6269430051813467
66,DB하이텍,2022-02-04,73700.0,,,
67,DB하이텍,,,2022-02-07,74100.0,0.5427408412483039
68,DB하이텍,2022-05-25,71000.0,,,
69,DB하이텍,,,2022-06-15,61400.0,-13.521126760563378
70,DB하이텍,2022-06-22,56300.0,,,
71,DB하이텍,,,2022-07-08,51100.0,-9.236234458259325
72,DB하이텍,2022-07-13,40450.0,,,
73,DB하이텍,,,2022-07-14,41150.0,1.73053152039555
74,DB하이텍,2022-09-08,41800.0,,,
75,DB하이텍,,,2022-09-14,42050.0,0.5980861244019139
76,DB하이텍,2022-09-29,38300.0,,,
77,DB하이텍,,,2022-10-04,38450.0,0.39164490861618795
78,DB하이텍,2023-03-10,48800.0,,,
79,DB하이텍,,,2023-03-17,48400.0,-0.819672131147541
80,SKC,2018-02-08,38000.0,,,
81,SKC,,,2018-02-26,38550.0,1.4473684210526316
82,SKC,2018-04-05,36700.0,,,
83,SKC,,,2018-04-12,36650.0,-0.13623978201634876
84,SKC,2018-10-24,36200.0,,,
85,SKC,,,2018-11-05,34250.0,-5.386740331491713
86,SKC,2018-12-28,35350.0,,,
87,SKC,,,2019-01-07,35850.0,1.4144271570014144
88,SKC,2019-05-14,31800.0,,,
89,SKC,,,2019-05-15,32450.0,2.044025157232704
90,SKC,2019-09-26,39950.0,,,
91,SKC,,,2019-10-01,40100.0,0.37546933667083854
92,SKC,2020-02-13,56400.0,,,
93,SKC,,,2020-02-17,55800.0,-1.0638297872340425
94,SKC,2020-03-04,52500.0,,,
95,SKC,,,2020-03-05,55200.0,5.142857142857142
96,SKC,2020-03-10,49500.0,,,
97,SKC,,,2020-03-11,50400.0,1.8181818181818181
98,SKC,2020-03-12,47700.0,,,
99,SKC,,,2020-03-16,43250.0,-9.329140461215934
100,SKC,2020-03-17,37000.0,,,
101,SKC,,,2020-03-18,39500.0,6.756756756756757
102,SKC,2020-03-19,35500.0,,,
103,SKC,,,2020-03-23,28800.0,-18.87323943661972
104,SKC,2020-04-01,37150.0,,,
105,SKC,,,2020-04-02,37950.0,2.1534320323014806
106,SKC,2020-04-08,39250.0,,,
107,SKC,,,2020-04-09,42250.0,7.643312101910828
108,SKC,2020-04-27,50400.0,,,
109,SKC,,,2020-05-08,49900.0,-0.992063492063492
110,SKC,2020-06-04,56800.0,,,
111,SKC,,,2020-06-08,59300.0,4.401408450704225
112,SKC,2020-06-16,54900.0,,,
113,SKC,,,2020-06-17,57000.0,3.825136612021858
114,SKC,2020-08-18,83400.0,,,
115,SKC,,,2020-08-20,83700.0,0.3597122302158274
116,SKC,2020-08-21,81400.0,,,
117,SKC,,,2020-08-24,88500.0,8.722358722358722
118,SKC,2020-09-25,78700.0,,,
119,SKC,,,2020-09-29,82600.0,4.955527318932655
120,SKC,2020-10-14,79300.0,,,
121,SKC,,,2020-10-15,80000.0,0.8827238335435058
122,SKC,2020-10-20,71600.0,,,
123,SKC,,,2020-10-21,74400.0,3.910614525139665
124,SKC,2021-02-25,124000.0,,,
125,SKC,,,2021-03-04,118000.0,-4.838709677419355
126,SKC,2021-03-24,105500.0,,,
127,SKC,,,2021-03-25,113000.0,7.109004739336493
128,SKC,2021-05-03,132500.0,,,
129,SKC,,,2021-05-06,136500.0,3.018867924528302
130,SKC,2021-08-18,152500.0,,,
131,SKC,,,2021-08-19,157500.0,3.278688524590164
132,SKC,2021-08-24,159500.0,,,
133,SKC,,,2021-08-26,156500.0,-1.8808777429467085
134,SKC,2021-09-03,147000.0,,,
135,SKC,,,2021-09-06,149500.0,1.7006802721088436
136,SKC,2021-10-01,168000.0,,,
137,SKC,,,2021-10-14,160000.0,-4.761904761904762
138,SKC,2021-11-02,170000.0,,,
139,SKC,,,2021-11-04,176500.0,3.823529411764706
140,SKC,2022-02-04,138000.0,,,
141,SKC,,,2022-02-07,142500.0,3.260869565217391
142,SKC,2022-05-25,150000.0,,,
143,SKC,,,2022-06-03,162500.0,8.333333333333332
144,SKC,2022-06-08,155500.0,,,
145,SKC,,,2022-06-09,157000.0,0.964630225080386
146,SKC,2022-06-23,154500.0,,,
147,SKC,,,2022-06-27,152500.0,-1.2944983818770228
148,SKC,2022-07-01,134000.0,,,
149,SKC,,,2022-07-08,133000.0,-0.7462686567164178
150,SKC,2022-08-10,131000.0,,,
151,SKC,,,2022-08-16,139500.0,6.488549618320611
152,SKC,2022-09-02,115000.0,,,
153,SKC,,,2022-10-05,89400.0,-22.26086956521739
154,SKC,2022-10-06,86000.0,,,
155,SKC,,,2022-10-07,86700.0,0.813953488372093
156,SKC,2022-10-12,85000.0,,,
157,SKC,,,2022-10-13,92200.0,8.470588235294118
158,SKC,2022-10-26,98500.0,,,
159,SKC,,,2022-10-28,103000.0,4.568527918781726
160,SKC,2022-12-12,98200.0,,,
161,SKC,,,2022-12-13,100500.0,2.3421588594704685
162,SKC,2023-02-09,95800.0,,,
163,SKC,,,2023-02-17,90600.0,-5.427974947807933
164,SKC,2023-04-04,110000.0,,,
165,SKC,,,2023-04-05,120500.0,9.545454545454547
166,SKC,2023-04-13,104100.0,,,
167,SKC,,,2023-04-14,108200.0,3.9385206532180597
168,SK가스,2018-02-05,98273.0,,,
169,SK가스,,,2018-02-06,96504.0,-1.8000875113205053
170,SK가스,2018-02-08,95423.0,,,
171,SK가스,,,2018-02-19,91197.0,-4.428701675696635
172,SK가스,2018-09-20,83139.0,,,
173,SK가스,,,2018-09-28,83532.0,0.47270234186122034
174,SK가스,2018-10-29,74392.0,,,
175,SK가스,,,2018-11-05,74294.0,-0.1317345951177546
176,SK가스,2018-11-08,71641.0,,,
177,SK가스,,,2018-11-12,74098.0,3.429600368504069
178,SK가스,2018-12-28,71646.0,,,
179,SK가스,,,2019-01-07,69367.0,-3.1809172877760097
180,SK가스,2019-02-08,79375.0,,,
181,SK가스,,,2019-02-12,81357.0,2.497007874015748
182,SK가스,2020-03-04,75900.0,,,
183,SK가스,,,2020-03-05,78100.0,2.898550724637681
184,SK가스,2020-03-12,72500.0,,,
185,SK가스,,,2020-03-13,68000.0,-6.206896551724138
186,SK가스,2020-03-17,61200.0,,,
187,SK가스,,,2020-03-18,62400.0,1.9607843137254901
188,SK가스,2020-03-19,60400.0,,,
189,SK가스,,,2020-03-23,49850.0,-17.466887417218544
190,SK가스,2020-03-24,50600.0,,,
191,SK가스,,,2020-03-25,53000.0,4.743083003952568
192,SK가스,2020-03-30,63000.0,,,
193,SK가스,,,2020-03-31,63000.0,0.0
194,SK가스,2020-04-08,69000.0,,,
195,SK가스,,,2020-04-09,71500.0,3.6231884057971016
196,SK가스,2020-06-16,71600.0,,,
197,SK가스,,,2020-06-17,73100.0,2.094972067039106
198,SK가스,2020-09-17,114000.0,,,
199,SK가스,,,2020-09-28,100500.0,-11.842105263157894
200,SK가스,2020-09-29,97300.0,,,
201,SK가스,,,2020-10-06,100000.0,2.774922918807811
202,SK가스,2020-10-19,119500.0,,,
203,SK가스,,,2020-10-22,119000.0,-0.41841004184100417
204,SK가스,2020-10-23,113500.0,,,
205,SK가스,,,2020-10-28,112000.0,-1.3215859030837005
206,SK가스,2020-11-09,108500.0,,,
207,SK가스,,,2020-11-10,116000.0,6.912442396313365
208,SK가스,2020-11-12,109500.0,,,
209,SK가스,,,2020-11-20,110500.0,0.91324200913242
210,SK가스,2020-11-26,109000.0,,,
211,SK가스,,,2020-12-02,111000.0,1.834862385321101
212,SK가스,2021-02-01,96400.0,,,
213,SK가스,,,2021-02-02,100500.0,4.253112033195021
214,SK가스,2021-03-09,93200.0,,,
215,SK가스,,,2021-03-16,95700.0,2.682403433476395
216,SK가스,2021-07-09,115000.0,,,
217,SK가스,,,2021-07-14,115000.0,0.0
218,SK가스,2021-09-27,162000.0,,,
219,SK가스,,,2021-09-29,166500.0,2.7777777777777777
220,SK가스,2021-10-01,161500.0,,,
221,SK가스,,,2021-10-13,153000.0,-5.263157894736842
222,SK가스,2021-11-08,129500.0,,,
223,SK가스,,,2021-11-12,121000.0,-6.563706563706563
224,SK가스,2021-12-01,115500.0,,,
225,SK가스,,,2021-12-02,114000.0,-1.2987012987012987
226,SK가스,2021-12-14,124000.0,,,
227,SK가스,,,2021-12-20,123500.0,-0.4032258064516129
228,SK가스,2021-12-28,133500.0,,,
229,SK가스,,,2022-01-06,128500.0,-3.7453183520599254
230,SK가스,2022-01-28,108500.0,,,
231,SK가스,,,2022-02-03,118000.0,8.755760368663594
232,SK가스,2022-02-04,118000.0,,,
233,SK가스,,,2022-02-07,123500.0,4.661016949152542
234,SK가스,2022-02-08,120500.0,,,
235,SK가스,,,2022-02-10,124000.0,2.904564315352697
236,SK가스,2022-02-28,122000.0,,,
237,SK가스,,,2022-03-03,120000.0,-1.639344262295082
238,SK가스,2022-06-02,132000.0,,,
239,SK가스,,,2022-06-07,136000.0,3.0303030303030303
240,SK가스,2022-06-22,121000.0,,,
241,SK가스,,,2022-06-27,122500.0,1.2396694214876034
242,SK가스,2022-07-07,113500.0,,,
243,SK가스,,,2022-07-15,107500.0,-5.286343612334802
244,SK가스,2022-07-21,111500.0,,,
245,SK가스,,,2022-07-26,112500.0,0.8968609865470852
246,SK가스,2022-08-17,118500.0,,,
247,SK가스,,,2022-08-19,120000.0,1.2658227848101267
248,SK가스,2022-09-14,113000.0,,,
249,SK가스,,,2022-09-15,114500.0,1.3274336283185841
250,SK가스,2022-09-30,104000.0,,,
251,SK가스,,,2022-10-05,108000.0,3.8461538461538463
252,SK가스,2022-11-01,115000.0,,,
253,SK가스,,,2022-11-02,116000.0,0.8695652173913043
254,SK가스,2022-11-14,119000.0,,,
255,SK가스,,,2022-11-16,119000.0,0.0
256,SK가스,2022-12-02,126000.0,,,
257,SK가스,,,2022-12-13,119500.0,-5.158730158730158
258,SK가스,2022-12-29,118500.0,,,
259,SK가스,,,2023-01-05,116500.0,-1.6877637130801686
260,YG PLUS,2018-02-08,2100.0,,,
261,YG PLUS,,,2018-02-09,2140.0,1.9047619047619049
262,YG PLUS,2018-05-09,2335.0,,,
263,YG PLUS,,,2018-05-14,2450.0,4.925053533190578
264,YG PLUS,2018-10-29,2200.0,,,
265,YG PLUS,,,2018-11-02,2220.0,0.9090909090909091
266,YG PLUS,2018-11-29,2100.0,,,
267,YG PLUS,,,2018-12-07,2075.0,-1.1904761904761905
268,YG PLUS,2019-05-24,1585.0,,,
269,YG PLUS,,,2019-05-31,1365.0,-13.880126182965299
270,YG PLUS,2019-06-17,1460.0,,,
271,YG PLUS,,,2019-06-20,1370.0,-6.164383561643835
272,YG PLUS,2019-07-09,1260.0,,,
273,YG PLUS,,,2019-07-22,1205.0,-4.365079365079365
274,YG PLUS,2019-08-06,1000.0,,,
275,YG PLUS,,,2019-08-13,1155.0,15.5
276,YG PLUS,2019-08-16,1030.0,,,
277,YG PLUS,,,2019-08-19,1045.0,1.4563106796116505
278,YG PLUS,2019-10-28,1255.0,,,
279,YG PLUS,,,2019-10-30,1280.0,1.9920318725099602
280,YG PLUS,2020-03-04,1225.0,,,
281,YG PLUS,,,2020-03-05,1265.0,3.2653061224489797
282,YG PLUS,2020-03-12,1080.0,,,
283,YG PLUS,,,2020-03-18,943.0,-12.685185185185185
284,YG PLUS,2020-03-19,900.0,,,
285,YG PLUS,,,2020-03-23,720.0,-20.0
286,YG PLUS,2020-04-08,1140.0,,,
287,YG PLUS,,,2020-04-14,1450.0,27.192982456140353
288,YG PLUS,2020-05-22,1785.0,,,
289,YG PLUS,,,2020-06-02,1930.0,8.123249299719888
290,YG PLUS,2020-06-16,1735.0,,,
291,YG PLUS,,,2020-06-17,1775.0,2.3054755043227666
292,YG PLUS,2020-07-02,2960.0,,,
293,YG PLUS,,,2020-07-03,4100.0,38.513513513513516
294,YG PLUS,2020-07-08,3470.0,,,
295,YG PLUS,,,2020-07-09,3550.0,2.3054755043227666
296,YG PLUS,2020-08-19,4020.0,,,
297,YG PLUS,,,2020-08-20,4250.0,5.721393034825871
298,YG PLUS,2020-09-01,5140.0,,,
299,YG PLUS,,,2020-09-04,4975.0,-3.2101167315175094
300,YG PLUS,2020-10-06,6960.0,,,
301,YG PLUS,,,2020-10-15,6800.0,-2.2988505747126435
302,YG PLUS,2020-10-16,5970.0,,,
303,YG PLUS,,,2020-10-28,4385.0,-26.549413735343386
304,YG PLUS,2020-11-02,4300.0,,,
305,YG PLUS,,,2020-11-03,4690.0,9.069767441860465
306,YG PLUS,2020-12-01,5070.0,,,
307,YG PLUS,,,2020-12-04,5390.0,6.31163708086785
308,YG PLUS,2021-01-26,7090.0,,,
309,YG PLUS,,,2021-01-27,7800.0,10.01410437235543
310,YG PLUS,2021-01-29,6660.0,,,
311,YG PLUS,,,2021-02-02,6120.0,-8.108108108108109
312,YG PLUS,2021-03-30,5500.0,,,
313,YG PLUS,,,2021-04-07,5850.0,6.363636363636363
314,YG PLUS,2021-07-23,7460.0,,,
315,YG PLUS,,,2021-07-26,7880.0,5.630026809651475
316,YG PLUS,2021-07-28,7250.0,,,
317,YG PLUS,,,2021-08-03,7100.0,-2.0689655172413794
318,YG PLUS,2021-08-18,7060.0,,,
319,YG PLUS,,,2021-08-23,7210.0,2.1246458923512748
320,YG PLUS,2022-02-11,6490.0,,,
321,YG PLUS,,,2022-02-14,6480.0,-0.15408320493066258
322,YG PLUS,2022-04-06,7520.0,,,
323,YG PLUS,,,2022-04-19,7250.0,-3.590425531914894
324,YG PLUS,2022-06-16,5620.0,,,
325,YG PLUS,,,2022-06-27,4620.0,-17.793594306049823
326,YG PLUS,2022-09-29,4770.0,,,
327,YG PLUS,,,2022-10-04,4745.0,-0.5241090146750524
328,YG PLUS,2022-10-06,4600.0,,,
329,YG PLUS,,,2022-10-17,4070.0,-11.521739130434783
330,YG PLUS,2022-11-14,4270.0,,,
331,YG PLUS,,,2022-11-16,4255.0,-0.351288056206089
332,YG PLUS,2022-12-14,4410.0,,,
333,YG PLUS,,,2022-12-19,4460.0,1.1337868480725624
334,YG PLUS,2023-01-26,5320.0,,,
335,YG PLUS,,,2023-02-01,5390.0,1.3157894736842104
336,기아,2018-01-05,31550.0,,,
337,기아,,,2018-01-11,32950.0,4.437400950871632
338,기아,2018-02-14,32200.0,,,
339,기아,,,2018-02-19,32900.0,2.1739130434782608
340,기아,2018-03-20,31450.0,,,
341,기아,,,2018-03-21,31700.0,0.7949125596184419
342,기아,2018-04-03,31200.0,,,
343,기아,,,2018-04-04,31900.0,2.2435897435897436
344,기아,2018-07-06,30100.0,,,
345,기아,,,2018-07-09,30900.0,2.6578073089700998
346,기아,2018-10-16,31000.0,,,
347,기아,,,2018-10-25,28250.0,-8.870967741935484
348,기아,2018-11-06,28400.0,,,
349,기아,,,2018-11-07,28850.0,1.584507042253521
350,기아,2018-11-26,27900.0,,,
351,기아,,,2018-11-27,28700.0,2.867383512544803
352,기아,2018-11-30,29750.0,,,
353,기아,,,2018-12-03,30900.0,3.865546218487395
354,기아,2018-12-28,33200.0,,,
355,기아,,,2019-01-07,34850.0,4.969879518072289
356,기아,2019-01-08,34900.0,,,
357,기아,,,2019-01-10,34300.0,-1.7191977077363898
358,기아,2019-02-14,35400.0,,,
359,기아,,,2019-02-15,36350.0,2.6836158192090394
360,기아,2019-06-03,38900.0,,,
361,기아,,,2019-06-04,39650.0,1.9280205655526992
362,기아,2019-10-15,40750.0,,,
363,기아,,,2019-10-25,42250.0,3.6809815950920246
364,기아,2019-12-03,42800.0,,,
365,기아,,,2019-12-04,43000.0,0.46728971962616817
366,기아,2020-01-03,42600.0,,,
367,기아,,,2020-01-23,43300.0,1.643192488262911
368,기아,2020-02-06,39750.0,,,
369,기아,,,2020-02-07,40550.0,2.0125786163522013
370,기아,2020-03-03,35900.0,,,
371,기아,,,2020-03-05,35800.0,-0.2785515320334262
372,기아,2020-03-06,35650.0,,,
373,기아,,,2020-03-11,32000.0,-10.238429172510518
374,기아,2020-03-12,32300.0,,,
375,기아,,,2020-03-16,28900.0,-10.526315789473683
376,기아,2020-03-17,24950.0,,,
377,기아,,,2020-03-18,25650.0,2.80561122244489
378,기아,2020-03-19,25550.0,,,
379,기아,,,2020-03-23,22500.0,-11.937377690802348
380,기아,2020-03-24,22300.0,,,
381,기아,,,2020-03-25,24700.0,10.762331838565023
382,기아,2020-03-30,24650.0,,,
383,기아,,,2020-04-03,25400.0,3.0425963488843815
384,기아,2020-04-06,25750.0,,,
385,기아,,,2020-04-07,28150.0,9.320388349514563
386,기아,2020-04-17,29550.0,,,
387,기아,,,2020-04-20,29950.0,1.353637901861252
388,기아,2020-04-21,29000.0,,,
389,기아,,,2020-04-23,28700.0,-1.0344827586206897
390,기아,2020-04-27,27900.0,,,
391,기아,,,2020-04-28,28900.0,3.584229390681003
392,기아,2020-06-16,32700.0,,,
393,기아,,,2020-06-17,33950.0,3.82262996941896
394,기아,2020-06-18,32900.0,,,
395,기아,,,2020-06-25,33050.0,0.4559270516717325
396,기아,2020-07-22,36650.0,,,
397,기아,,,2020-07-24,36150.0,-1.364256480218281
398,기아,2020-08-19,42200.0,,,
399,기아,,,2020-08-25,42200.0,0.0
400,기아,2020-10-13,49800.0,,,
401,기아,,,2020-10-21,46550.0,-6.526104417670683
402,기아,2020-11-02,50700.0,,,
403,기아,,,2020-11-03,51800.0,2.1696252465483234
404,기아,2021-01-25,86000.0,,,
405,기아,,,2021-01-26,91700.0,6.627906976744185
406,기아,2021-01-27,89500.0,,,
407,기아,,,2021-02-02,90000.0,0.5586592178770949
408,기아,2021-02-09,85100.0,,,
409,기아,,,2021-02-15,86600.0,1.762632197414806
410,기아,2021-02-25,76500.0,,,
411,기아,,,2021-02-26,74500.0,-2.6143790849673203
412,기아,2021-03-11,81300.0,,,
413,기아,,,2021-03-12,83100.0,2.214022140221402
414,기아,2021-03-24,83000.0,,,
415,기아,,,2021-03-31,84800.0,2.1686746987951806
416,기아,2021-09-13,82300.0,,,
417,기아,,,2021-09-24,84700.0,2.916160388821385
418,기아,2021-10-07,74900.0,,,
419,기아,,,2021-10-08,80700.0,7.74365821094793
420,기아,2022-02-04,81500.0,,,
421,기아,,,2022-02-07,80300.0,-1.4723926380368098
422,기아,2022-02-08,79400.0,,,
423,기아,,,2022-03-16,70400.0,-11.335012594458437
424,기아,2022-05-17,85700.0,,,
425,기아,,,2022-05-23,85000.0,-0.8168028004667445
426,기아,2022-06-30,76900.0,,,
427,기아,,,2022-07-04,78500.0,2.080624187256177
428,기아,2022-07-07,75900.0,,,
429,기아,,,2022-07-12,78100.0,2.898550724637681
430,기아,2022-08-18,77500.0,,,
431,기아,,,2022-08-23,77000.0,-0.6451612903225806
432,기아,2022-10-06,71600.0,,,
433,기아,,,2022-10-13,68500.0,-4.329608938547486
434,기아,2022-10-25,65600.0,,,
435,기아,,,2022-10-28,65800.0,0.3048780487804878
436,기아,2022-12-14,62200.0,,,
437,기아,,,2022-12-15,63800.0,2.572347266881029
438,기아,2022-12-29,60500.0,,,
439,기아,,,2023-01-04,61500.0,1.6528925619834711
440,대상홀딩스우,2018-05-25,6750.0,,,
441,대상홀딩스우,,,2018-05-28,7150.0,5.9259259259259265
442,대상홀딩스우,2018-12-28,5910.0,,,
443,대상홀딩스우,,,2019-01-07,5530.0,-6.429780033840947
444,대상홀딩스우,2019-01-08,5490.0,,,
445,대상홀딩스우,,,2019-01-10,5740.0,4.553734061930783
446,대상홀딩스우,2019-04-17,6340.0,,,
447,대상홀딩스우,,,2019-04-18,8300.0,30.914826498422716
448,대상홀딩스우,2019-04-19,6890.0,,,
449,대상홀딩스우,,,2019-04-24,7580.0,10.014513788098693
450,대상홀딩스우,2019-04-25,7200.0,,,
451,대상홀딩스우,,,2019-05-02,7060.0,-1.9444444444444444
452,대상홀딩스우,2019-08-08,8580.0,,,
453,대상홀딩스우,,,2019-08-09,6740.0,-21.445221445221446
454,대상홀딩스우,2019-08-12,6580.0,,,
455,대상홀딩스우,,,2019-08-21,6780.0,3.0395136778115504
456,대상홀딩스우,2020-03-17,3920.0,,,
457,대상홀딩스우,,,2020-03-18,4495.0,14.668367346938776
458,대상홀딩스우,2020-03-19,4150.0,,,
459,대상홀딩스우,,,2020-03-23,4010.0,-3.3734939759036147
460,대상홀딩스우,2020-03-26,4290.0,,,
461,대상홀딩스우,,,2020-03-27,5100.0,18.88111888111888
462,대상홀딩스우,2020-03-30,4720.0,,,
463,대상홀딩스우,,,2020-03-31,5090.0,7.838983050847458
464,대상홀딩스우,2020-04-08,4930.0,,,
465,대상홀딩스우,,,2020-04-16,5380.0,9.127789046653144
466,대상홀딩스우,2020-06-22,6980.0,,,
467,대상홀딩스우,,,2020-07-09,6440.0,-7.736389684813753
468,대상홀딩스우,2021-04-09,10100.0,,,
469,대상홀딩스우,,,2021-04-12,11850.0,17.326732673267326
470,대상홀딩스우,2021-04-13,11650.0,,,
471,대상홀딩스우,,,2021-04-19,15750.0,35.1931330472103
472,대상홀딩스우,2021-04-26,12950.0,,,
473,대상홀딩스우,,,2021-04-30,17000.0,31.27413127413127
474,대상홀딩스우,2021-05-06,19500.0,,,
475,대상홀딩스우,,,2021-05-07,20050.0,2.8205128205128207
476,대상홀딩스우,2021-05-10,19300.0,,,
477,대상홀딩스우,,,2021-05-13,17300.0,-10.362694300518134
478,대상홀딩스우,2021-05-18,19100.0,,,
479,대상홀딩스우,,,2021-06-03,16150.0,-15.44502617801047
480,대상홀딩스우,2021-08-20,11100.0,,,
481,대상홀딩스우,,,2021-08-24,11350.0,2.2522522522522523
482,대상홀딩스우,2021-12-14,12900.0,,,
483,대상홀딩스우,,,2021-12-21,12400.0,-3.875968992248062
484,대상홀딩스우,2022-01-26,10400.0,,,
485,대상홀딩스우,,,2022-01-27,10900.0,4.807692307692308
486,대상홀딩스우,2022-01-28,10150.0,,,
487,대상홀딩스우,,,2022-02-03,10350.0,1.9704433497536946
488,대상홀딩스우,2022-04-22,15500.0,,,
489,대상홀딩스우,,,2022-04-26,18900.0,21.935483870967744
490,대상홀딩스우,2022-04-27,16000.0,,,
491,대상홀딩스우,,,2022-04-29,16000.0,0.0
492,대상홀딩스우,2022-05-02,16300.0,,,
493,대상홀딩스우,,,2022-05-03,16250.0,-0.3067484662576687
494,대상홀딩스우,2022-05-04,15100.0,,,
495,대상홀딩스우,,,2022-05-11,13250.0,-12.251655629139073
496,대상홀딩스우,2022-05-18,12350.0,,,
497,대상홀딩스우,,,2022-05-20,12050.0,-2.42914979757085
498,대상홀딩스우,2022-06-23,9510.0,,,
499,대상홀딩스우,,,2022-06-27,9450.0,-0.6309148264984227
500,대상홀딩스우,2022-09-27,8820.0,,,
501,대상홀딩스우,,,2022-10-04,9000.0,2.0408163265306123
502,덕양산업,2018-07-19,1540.0,,,
503,덕양산업,,,2018-08-01,1500.0,-2.5974025974025974
504,덕양산업,2018-10-30,900.0,,,
505,덕양산업,,,2018-10-31,1060.0,17.77777777777778
506,덕양산업,2018-12-03,1315.0,,,
507,덕양산업,,,2018-12-07,1320.0,0.38022813688212925
508,덕양산업,2019-01-04,1200.0,,,
509,덕양산업,,,2019-01-07,1285.0,7.083333333333333
510,덕양산업,2019-02-01,1425.0,,,
511,덕양산업,,,2019-03-07,1430.0,0.3508771929824561
512,덕양산업,2019-05-17,1610.0,,,
513,덕양산업,,,2019-05-22,1520.0,-5.590062111801243
514,덕양산업,2019-06-20,1425.0,,,
515,덕양산업,,,2019-06-25,1460.0,2.456140350877193
516,덕양산업,2019-07-09,1375.0,,,
517,덕양산업,,,2019-07-11,1410.0,2.5454545454545454
518,덕양산업,2019-07-30,1185.0,,,
519,덕양산업,,,2019-08-07,1060.0,-10.548523206751055
520,덕양산업,2020-02-12,1330.0,,,
521,덕양산업,,,2020-02-19,1310.0,-1.5037593984962405
522,덕양산업,2020-03-12,1000.0,,,
523,덕양산업,,,2020-03-16,882.0,-11.799999999999999
524,덕양산업,2020-03-17,800.0,,,
525,덕양산업,,,2020-03-18,850.0,6.25
526,덕양산업,2020-03-19,797.0,,,
527,덕양산업,,,2020-03-25,700.0,-12.170639899623588
528,덕양산업,2020-03-30,740.0,,,
529,덕양산업,,,2020-03-31,742.0,0.2702702702702703
530,덕양산업,2020-06-16,930.0,,,
531,덕양산업,,,2020-06-17,979.0,5.268817204301075
532,덕양산업,2020-07-01,1305.0,,,
533,덕양산업,,,2020-07-08,1635.0,25.287356321839084
534,덕양산업,2020-07-16,1685.0,,,
535,덕양산업,,,2020-07-17,1740.0,3.2640949554896146
536,덕양산업,2020-08-04,1540.0,,,
537,덕양산업,,,2020-08-11,1665.0,8.116883116883116
538,덕양산업,2020-08-18,1880.0,,,
539,덕양산업,,,2020-08-20,1920.0,2.127659574468085
540,덕양산업,2020-08-21,1810.0,,,
541,덕양산업,,,2020-08-25,1815.0,0.2762430939226519
542,덕양산업,2021-01-27,3675.0,,,
543,덕양산업,,,2021-01-29,3430.0,-6.666666666666667
544,덕양산업,2021-02-01,3210.0,,,
545,덕양산업,,,2021-02-02,3340.0,4.049844236760125
546,덕양산업,2021-02-09,3545.0,,,
547,덕양산업,,,2021-02-19,3375.0,-4.795486600846263
548,덕양산업,2021-06-11,3795.0,,,
549,덕양산업,,,2021-06-17,3985.0,5.006587615283268
550,덕양산업,2021-07-27,3530.0,,,
551,덕양산업,,,2021-07-28,3600.0,1.9830028328611897
552,덕양산업,2021-08-18,3080.0,,,
553,덕양산업,,,2021-08-19,3090.0,0.3246753246753247
554,덕양산업,2022-06-16,2700.0,,,
555,덕양산업,,,2022-06-27,2305.0,-14.629629629629628
556,덕양산업,2022-10-06,2370.0,,,
557,덕양산업,,,2022-10-07,2460.0,3.79746835443038
558,덕양산업,2023-03-13,2965.0,,,
559,덕양산업,,,2023-03-17,2720.0,-8.263069139966273
560,덕양산업,2023-04-17,4310.0,,,
561,동남합성,2018-03-28,22395.0,,,
562,동남합성,,,2018-03-29,22213.0,-0.8126814020986828
563,동남합성,2018-12-28,22104.0,,,
564,동남합성,,,2019-01-07,21776.0,-1.4838943177705393
565,동남합성,2019-01-08,22031.0,,,
566,동남합성,,,2019-01-24,21594.0,-1.9835686078707275
567,동남합성,2019-02-18,25199.0,,,
568,동남합성,,,2019-02-28,25855.0,2.603277907853486
569,동남합성,2019-03-05,25748.0,,,
570,동남합성,,,2019-03-13,24850.0,-3.487649526176791
571,동남합성,2019-03-28,26896.0,,,
572,동남합성,,,2019-04-11,23652.0,-12.061273051754908
573,동남합성,2019-07-02,25698.0,,,
574,동남합성,,,2019-07-09,24700.0,-3.8835707058915094
575,동남합성,2019-07-15,24551.0,,,
576,동남합성,,,2019-07-19,25948.0,5.69019591869985
577,동남합성,2019-12-06,24050.0,,,
578,동남합성,,,2019-12-13,24450.0,1.6632016632016633
579,동남합성,2020-01-20,25000.0,,,
580,동남합성,,,2020-01-29,24600.0,-1.6
581,동남합성,2020-03-04,27300.0,,,
582,동남합성,,,2020-03-05,27400.0,0.3663003663003663
583,동남합성,2020-03-06,27400.0,,,
584,동남합성,,,2020-03-09,28000.0,2.18978102189781
585,동남합성,2020-03-12,27100.0,,,
586,동남합성,,,2020-03-13,27000.0,-0.36900369003690037
587,동남합성,2020-03-17,27500.0,,,
588,동남합성,,,2020-03-18,27700.0,0.7272727272727273
589,동남합성,2020-03-19,27700.0,,,
590,동남합성,,,2020-03-23,27150.0,-1.9855595667870036
591,동남합성,2020-03-26,27800.0,,,
592,동남합성,,,2020-04-03,26500.0,-4.676258992805756
593,동남합성,2020-04-08,25150.0,,,
594,동남합성,,,2020-04-09,26600.0,5.7654075546719685
595,동남합성,2020-07-14,30200.0,,,
596,동남합성,,,2020-07-17,30900.0,2.3178807947019866
597,동남합성,2020-08-19,34000.0,,,
598,동남합성,,,2020-08-24,33850.0,-0.4411764705882353
599,동남합성,2020-12-18,46700.0,,,
600,동남합성,,,2020-12-21,48750.0,4.389721627408994
601,동남합성,2020-12-30,49950.0,,,
602,동남합성,,,2021-01-06,49300.0,-1.3013013013013013
603,동남합성,2021-01-20,44300.0,,,
604,동남합성,,,2021-01-21,46200.0,4.288939051918736
605,동남합성,2021-03-30,54800.0,,,
606,동남합성,,,2021-04-02,55700.0,1.6423357664233578
607,동남합성,2021-05-18,51800.0,,,
608,동남합성,,,2021-05-21,54000.0,4.247104247104247
609,동남합성,2021-09-30,64600.0,,,
610,동남합성,,,2021-10-07,61400.0,-4.953560371517028
611,동남합성,2022-02-04,62200.0,,,
612,동남합성,,,2022-02-07,62600.0,0.6430868167202572
613,동남합성,2022-06-24,55000.0,,,
614,동남합성,,,2022-06-28,58800.0,6.909090909090909
615,동남합성,2022-07-29,57800.0,,,
616,동남합성,,,2022-08-08,58900.0,1.9031141868512111
617,동남합성,2022-09-14,58700.0,,,
618,동남합성,,,2022-09-15,59300.0,1.0221465076660987
619,동남합성,2022-10-06,55700.0,,,
620,동남합성,,,2022-10-12,54000.0,-3.052064631956912
621,동남합성,2022-11-08,51300.0,,,
622,동남합성,,,2022-11-11,51500.0,0.3898635477582846
623,동남합성,2022-11-14,51300.0,,,
624,동남합성,,,2022-11-16,52400.0,2.144249512670565
625,동남합성,2023-01-04,53700.0,,,
626,동남합성,,,2023-01-09,52200.0,-2.793296089385475
627,동남합성,2023-01-26,51800.0,,,
628,동남합성,,,2023-02-01,51800.0,0.0
629,동남합성,2023-03-17,42300.0,,,
630,동남합성,,,2023-03-23,43950.0,3.900709219858156
631,동남합성,2023-03-31,43050.0,,,
632,동남합성,,,2023-04-06,42550.0,-1.1614401858304297
633,동원시스템즈우,2018-04-03,23100.0,,,
634,동원시스템즈우,,,2018-04-04,23250.0,0.6493506493506493
635,동원시스템즈우,2018-05-24,26600.0,,,
636,동원시스템즈우,,,2018-05-30,26650.0,0.18796992481203006
637,동원시스템즈우,2018-06-28,23150.0,,,
638,동원시스템즈우,,,2018-07-09,27150.0,17.278617710583152
639,동원시스템즈우,2018-07-12,25600.0,,,
640,동원시스템즈우,,,2018-07-13,27000.0,5.46875
641,동원시스템즈우,2018-07-20,26100.0,,,
642,동원시스템즈우,,,2018-07-23,29500.0,13.026819923371647
643,동원시스템즈우,2018-07-24,27150.0,,,
644,동원시스템즈우,,,2018-08-03,24200.0,-10.865561694290976
645,동원시스템즈우,2019-03-26,22850.0,,,
646,동원시스템즈우,,,2019-04-10,22850.0,0.0
647,동원시스템즈우,2019-04-25,46000.0,,,
648,동원시스템즈우,,,2019-05-03,35700.0,-22.39130434782609
649,동원시스템즈우,2019-05-08,33000.0,,,
650,동원시스템즈우,,,2019-05-09,34000.0,3.0303030303030303
651,동원시스템즈우,2019-05-14,31550.0,,,
652,동원시스템즈우,,,2019-05-15,31000.0,-1.7432646592709984
653,동원시스템즈우,2019-08-06,23800.0,,,
654,동원시스템즈우,,,2019-08-07,25750.0,8.193277310924369
655,동원시스템즈우,2019-12-11,27750.0,,,
656,동원시스템즈우,,,2019-12-17,28500.0,2.7027027027027026
657,동원시스템즈우,2020-03-12,27700.0,,,
658,동원시스템즈우,,,2020-03-18,20350.0,-26.534296028880867
659,동원시스템즈우,2020-03-19,18500.0,,,
660,동원시스템즈우,,,2020-03-25,16150.0,-12.702702702702704
661,동원시스템즈우,2020-03-30,17000.0,,,
662,동원시스템즈우,,,2020-03-31,19000.0,11.76470588235294
663,동원시스템즈우,2020-04-08,24450.0,,,
664,동원시스템즈우,,,2020-04-23,22000.0,-10.020449897750511
665,동원시스템즈우,2020-06-22,29150.0,,,
666,동원시스템즈우,,,2020-06-25,29300.0,0.5145797598627788
667,동원시스템즈우,2020-06-29,29500.0,,,
668,동원시스템즈우,,,2020-07-01,31200.0,5.762711864406779
669,동원시스템즈우,2020-08-19,32100.0,,,
670,동원시스템즈우,,,2020-08-24,31000.0,-3.4267912772585665
671,동원시스템즈우,2020-09-16,33900.0,,,
672,동원시스템즈우,,,2020-09-21,32700.0,-3.5398230088495577
673,동원시스템즈우,2020-11-11,31700.0,,,
674,동원시스템즈우,,,2020-11-16,31300.0,-1.2618296529968454
675,동원시스템즈우,2021-02-01,31950.0,,,
676,동원시스템즈우,,,2021-02-02,34850.0,9.076682316118937
677,동원시스템즈우,2021-02-10,32800.0,,,
678,동원시스템즈우,,,2021-02-22,33300.0,1.524390243902439
679,동원시스템즈우,2021-05-12,40400.0,,,
680,동원시스템즈우,,,2021-05-13,40900.0,1.2376237623762376
681,동원시스템즈우,2021-05-18,43300.0,,,
682,동원시스템즈우,,,2021-05-20,46400.0,7.159353348729793
683,동원시스템즈우,2021-05-25,37500.0,,,
684,동원시스템즈우,,,2021-05-26,38350.0,2.2666666666666666
685,동원시스템즈우,2022-02-04,33800.0,,,
686,동원시스템즈우,,,2022-02-07,34500.0,2.0710059171597637
687,미원상사,2018-02-13,33256.0,,,
688,미원상사,,,2018-02-14,33990.0,2.2071205196054846
689,미원상사,2018-12-28,36559.0,,,
690,미원상사,,,2019-01-02,37514.0,2.6122158702371507
691,미원상사,2019-01-03,36706.0,,,
692,미원상사,,,2019-01-04,37367.0,1.8007955102708004
693,미원상사,2019-03-05,49920.0,,,
694,미원상사,,,2019-03-11,51389.0,2.9427083333333335
695,미원상사,2019-04-01,51538.0,,,
696,미원상사,,,2019-04-04,50014.0,-2.9570414063409522
697,미원상사,2019-04-17,43917.0,,,
698,미원상사,,,2019-05-07,42583.0,-3.0375481021016917
699,미원상사,2019-07-03,43393.0,,,
700,미원상사,,,2019-07-04,44584.0,2.744682322033508
701,미원상사,2019-08-30,48950.0,,,
702,미원상사,,,2019-09-06,52500.0,7.252298263534218
703,미원상사,2019-10-08,54000.0,,,
704,미원상사,,,2019-10-11,54900.0,1.6666666666666667
705,미원상사,2019-10-21,55700.0,,,
706,미원상사,,,2019-10-25,55800.0,0.17953321364452424
707,미원상사,2020-03-04,56000.0,,,
708,미원상사,,,2020-03-05,56300.0,0.5357142857142857
709,미원상사,2020-03-06,56800.0,,,
710,미원상사,,,2020-03-09,56000.0,-1.4084507042253522
711,미원상사,2020-03-12,57000.0,,,
712,미원상사,,,2020-03-13,55000.0,-3.508771929824561
713,미원상사,2020-03-17,52900.0,,,
714,미원상사,,,2020-03-18,54600.0,3.213610586011342
715,미원상사,2020-03-19,53900.0,,,
716,미원상사,,,2020-03-24,51000.0,-5.380333951762523
717,미원상사,2020-03-26,51700.0,,,
718,미원상사,,,2020-03-31,55800.0,7.930367504835589
719,미원상사,2020-04-08,57800.0,,,
720,미원상사,,,2020-04-16,60400.0,4.498269896193772
721,미원상사,2020-08-19,91000.0,,,
722,미원상사,,,2020-08-24,87300.0,-4.065934065934066
723,미원상사,2020-12-17,109500.0,,,
724,미원상사,,,2020-12-22,109500.0,0.0
725,미원상사,2021-01-11,134000.0,,,
726,미원상사,,,2021-01-15,132000.0,-1.4925373134328357
727,미원상사,2021-01-27,134500.0,,,
728,미원상사,,,2021-01-29,132500.0,-1.486988847583643
729,미원상사,2021-02-01,128500.0,,,
730,미원상사,,,2021-02-02,131000.0,1.9455252918287937
731,미원상사,2021-02-25,156500.0,,,
732,미원상사,,,2021-03-04,159000.0,1.5974440894568689
733,미원상사,2021-03-30,197000.0,,,
734,미원상사,,,2021-04-02,201000.0,2.030456852791878
735,미원상사,2021-05-18,212000.0,,,
736,미원상사,,,2021-05-21,216000.0,1.8867924528301887
737,미원상사,2021-08-09,212000.0,,,
738,미원상사,,,2021-08-11,214000.0,0.9433962264150944
739,미원상사,2021-10-06,201000.0,,,
740,미원상사,,,2021-10-12,209500.0,4.228855721393035
741,미원상사,2022-01-26,178500.0,,,
742,미원상사,,,2022-01-27,189500.0,6.162464985994398
743,미원상사,2022-02-04,182000.0,,,
744,미원상사,,,2022-02-07,185500.0,1.9230769230769231
745,미원상사,2022-02-28,187500.0,,,
746,미원상사,,,2022-03-10,180500.0,-3.733333333333334
747,미원상사,2022-05-10,160000.0,,,
748,미원상사,,,2022-05-11,158000.0,-1.25
749,미원상사,2022-06-16,179000.0,,,
750,미원상사,,,2022-06-17,183000.0,2.2346368715083798
751,미원상사,2022-06-23,178500.0,,,
752,미원상사,,,2022-06-30,176500.0,-1.1204481792717087
753,미원상사,2022-09-14,172500.0,,,
754,미원상사,,,2022-09-15,173000.0,0.2898550724637681
755,미원상사,2022-11-14,168000.0,,,
756,미원상사,,,2022-11-16,173000.0,2.976190476190476
757,미원상사,2023-01-26,165000.0,,,
758,미원상사,,,2023-02-01,165800.0,0.48484848484848486
759,삼영,2018-05-31,921.0,,,
760,삼영,,,2018-06-01,919.0,-0.21715526601520088
761,삼영,2018-07-04,712.0,,,
762,삼영,,,2018-07-11,1040.0,46.06741573033708
763,삼영,2018-07-18,1010.0,,,
764,삼영,,,2018-08-06,877.0,-13.16831683168317
765,삼영,2019-05-21,1040.0,,,
766,삼영,,,2019-06-03,994.0,-4.423076923076923
767,삼영,2019-07-10,1120.0,,,
768,삼영,,,2019-07-12,1095.0,-2.232142857142857
769,삼영,2019-07-30,1000.0,,,
770,삼영,,,2019-08-01,1035.0,3.5000000000000004
771,삼영,2020-03-12,1015.0,,,
772,삼영,,,2020-03-13,830.0,-18.226600985221676
773,삼영,2020-03-17,920.0,,,
774,삼영,,,2020-03-18,900.0,-2.1739130434782608
775,삼영,2020-03-19,898.0,,,
776,삼영,,,2020-03-20,849.0,-5.456570155902004
777,삼영,2020-03-24,760.0,,,
778,삼영,,,2020-03-25,789.0,3.8157894736842106
779,삼영,2020-05-29,1350.0,,,
780,삼영,,,2020-06-15,1270.0,-5.9259259259259265
781,삼영,2020-06-16,1210.0,,,
782,삼영,,,2020-06-17,1230.0,1.6528925619834711
783,삼영,2020-08-19,1790.0,,,
784,삼영,,,2020-08-20,1770.0,-1.1173184357541899
785,삼영,2020-08-21,1700.0,,,
786,삼영,,,2020-08-27,1815.0,6.764705882352941
787,삼영,2020-09-17,2160.0,,,
788,삼영,,,2020-09-21,2210.0,2.314814814814815
789,삼영,2020-09-22,2130.0,,,
790,삼영,,,2020-09-28,2000.0,-6.103286384976526
791,삼영,2020-10-14,2350.0,,,
792,삼영,,,2020-10-16,2250.0,-4.25531914893617
793,삼영,2020-10-27,2150.0,,,
794,삼영,,,2020-10-28,2175.0,1.1627906976744187
795,삼영,2021-01-18,3270.0,,,
796,삼영,,,2021-01-21,3240.0,-0.9174311926605505
797,삼영,2021-02-01,2885.0,,,
798,삼영,,,2021-02-02,3040.0,5.37261698440208
799,삼영,2021-03-09,2660.0,,,
800,삼영,,,2021-03-15,2770.0,4.135338345864661
801,삼영,2021-04-23,3115.0,,,
802,삼영,,,2021-05-07,3050.0,-2.086677367576244
803,삼영,2021-06-09,3000.0,,,
804,삼영,,,2021-06-11,3070.0,2.3333333333333335
805,삼영,2021-06-14,2890.0,,,
806,삼영,,,2021-06-18,3100.0,7.26643598615917
807,삼영,2021-06-30,3185.0,,,
808,삼영,,,2021-07-01,3405.0,6.907378335949764
809,삼영,2021-07-07,3455.0,,,
810,삼영,,,2021-07-12,3410.0,-1.3024602026049203
811,삼영,2021-07-13,3275.0,,,
812,삼영,,,2021-07-14,3545.0,8.244274809160306
813,삼영,2021-07-22,3760.0,,,
814,삼영,,,2021-07-23,3765.0,0.13297872340425532
815,삼영,2021-07-26,3725.0,,,
816,삼영,,,2021-08-03,3280.0,-11.946308724832216
817,삼영,2021-08-18,2970.0,,,
818,삼영,,,2021-08-19,3000.0,1.0101010101010102
819,삼영,2021-09-29,3000.0,,,
820,삼영,,,2021-10-08,2885.0,-3.833333333333333
821,삼영,2021-12-01,2660.0,,,
822,삼영,,,2021-12-02,2710.0,1.8796992481203008
823,삼영,2022-02-04,3340.0,,,
824,삼영,,,2022-02-07,3435.0,2.844311377245509
825,삼영,2022-06-22,2635.0,,,
826,삼영,,,2022-06-27,2520.0,-4.364326375711575
827,삼영,2022-07-06,2400.0,,,
828,삼영,,,2022-07-12,2520.0,5.0
829,삼영,2022-07-29,3055.0,,,
830,삼영,,,2022-08-09,3145.0,2.9459901800327333
831,삼영,2022-09-26,2595.0,,,
832,삼영,,,2022-09-28,2490.0,-4.046242774566474
833,삼영,2023-03-15,3030.0,,,
834,삼영,,,2023-03-16,3125.0,3.1353135313531353
835,삼영,2023-03-31,3555.0,,,
836,삼영,,,2023-04-04,3935.0,10.68917018284107
837,삼영,2023-04-05,3635.0,,,
838,삼영,,,2023-04-06,3725.0,2.4759284731774414
839,삼영,2023-04-12,3670.0,,,
840,인팩,2018-10-31,3480.0,,,
841,인팩,,,2018-11-05,3440.0,-1.1494252873563218
842,인팩,2018-12-28,3130.0,,,
843,인팩,,,2019-01-07,3030.0,-3.1948881789137378
844,인팩,2019-02-15,4645.0,,,
845,인팩,,,2019-02-25,4330.0,-6.7814854682454255
846,인팩,2019-04-17,5310.0,,,
847,인팩,,,2019-04-24,5430.0,2.2598870056497176
848,인팩,2019-05-10,4950.0,,,
849,인팩,,,2019-05-15,4835.0,-2.323232323232323
850,인팩,2019-05-17,4190.0,,,
851,인팩,,,2019-05-23,3980.0,-5.011933174224343
852,인팩,2019-07-01,4025.0,,,
853,인팩,,,2019-07-02,4115.0,2.236024844720497
854,인팩,2020-03-04,3610.0,,,
855,인팩,,,2020-03-05,3625.0,0.41551246537396125
856,인팩,2020-03-06,3595.0,,,
857,인팩,,,2020-03-09,3480.0,-3.1988873435326846
858,인팩,2020-03-17,2930.0,,,
859,인팩,,,2020-03-18,3005.0,2.5597269624573378
860,인팩,2020-03-19,2705.0,,,
861,인팩,,,2020-03-25,2700.0,-0.18484288354898337
862,인팩,2020-03-30,2910.0,,,
863,인팩,,,2020-03-31,3100.0,6.529209621993128
864,인팩,2020-04-08,3180.0,,,
865,인팩,,,2020-04-23,2985.0,-6.132075471698113
866,인팩,2020-05-29,3565.0,,,
867,인팩,,,2020-06-01,3760.0,5.46984572230014
868,인팩,2020-06-16,3875.0,,,
869,인팩,,,2020-06-17,4185.0,8.0
870,인팩,2020-06-18,4065.0,,,
871,인팩,,,2020-06-25,4235.0,4.182041820418204
872,인팩,2020-08-19,4590.0,,,
873,인팩,,,2020-09-07,4415.0,-3.812636165577342
874,인팩,2020-10-12,4990.0,,,
875,인팩,,,2020-10-28,4770.0,-4.408817635270541
876,인팩,2020-12-23,5780.0,,,
877,인팩,,,2020-12-28,5990.0,3.633217993079585
878,인팩,2021-02-09,7380.0,,,
879,인팩,,,2021-02-15,7830.0,6.097560975609756
880,인팩,2021-02-25,7820.0,,,
881,인팩,,,2021-03-15,7240.0,-7.41687979539642
882,인팩,2021-04-13,8150.0,,,
883,인팩,,,2021-04-15,8840.0,8.466257668711656
884,인팩,2021-04-20,10300.0,,,
885,인팩,,,2021-04-21,12050.0,16.990291262135923
886,인팩,2021-04-22,11100.0,,,
887,인팩,,,2021-04-27,10900.0,-1.8018018018018018
888,인팩,2021-04-29,10200.0,,,
889,인팩,,,2021-05-04,10700.0,4.901960784313726
890,인팩,2021-06-14,14550.0,,,
891,인팩,,,2021-06-15,14950.0,2.7491408934707904
892,인팩,2021-07-07,15450.0,,,
893,인팩,,,2021-07-08,15400.0,-0.3236245954692557
894,인팩,2021-07-09,14100.0,,,
895,인팩,,,2021-07-16,14350.0,1.773049645390071
896,인팩,2021-08-18,11850.0,,,
897,인팩,,,2021-08-19,12400.0,4.641350210970464
898,인팩,2021-08-23,11700.0,,,
899,인팩,,,2021-08-25,12350.0,5.555555555555555
900,인팩,2021-10-05,15800.0,,,
901,인팩,,,2021-10-08,16300.0,3.1645569620253164
902,인팩,2021-10-19,16550.0,,,
903,인팩,,,2021-10-21,17100.0,3.3232628398791544
904,인팩,2021-11-17,14600.0,,,
905,인팩,,,2021-11-23,13300.0,-8.904109589041095
906,인팩,2021-11-30,11750.0,,,
907,인팩,,,2021-12-02,11650.0,-0.851063829787234
908,인팩,2022-01-25,12000.0,,,
909,인팩,,,2022-01-27,12100.0,0.8333333333333334
910,인팩,2022-02-04,11700.0,,,
911,인팩,,,2022-02-07,12100.0,3.418803418803419
912,인팩,2022-02-11,11500.0,,,
913,인팩,,,2022-02-17,11000.0,-4.3478260869565215
914,인팩,2022-06-23,7510.0,,,
915,인팩,,,2022-06-27,7670.0,2.130492676431425
916,인팩,2022-08-19,8000.0,,,
917,인팩,,,2022-09-08,8730.0,9.125
918,인팩,2022-09-27,7260.0,,,
919,인팩,,,2022-09-28,7500.0,3.3057851239669422
920,인팩,2022-10-12,6350.0,,,
921,인팩,,,2022-10-18,6360.0,0.15748031496062992
922,인팩,2023-03-20,9440.0,,,
923,인팩,,,2023-03-29,9440.0,0.0
924,코리아써키트2우B,2018-05-17,4970.0,,,
925,코리아써키트2우B,,,2018-05-21,5500.0,10.663983903420524
926,코리아써키트2우B,2018-05-25,5080.0,,,
927,코리아써키트2우B,,,2018-05-30,5230.0,2.952755905511811
928,코리아써키트2우B,2018-05-31,5080.0,,,
929,코리아써키트2우B,,,2018-06-25,5040.0,-0.7874015748031495
930,코리아써키트2우B,2018-07-13,4820.0,,,
931,코리아써키트2우B,,,2018-07-18,4835.0,0.3112033195020747
932,코리아써키트2우B,2018-09-13,5000.0,,,
933,코리아써키트2우B,,,2018-10-08,4880.0,-2.4
934,코리아써키트2우B,2019-03-11,4130.0,,,
935,코리아써키트2우B,,,2019-03-26,4195.0,1.573849878934625
936,코리아써키트2우B,2019-04-19,4200.0,,,
937,코리아써키트2우B,,,2019-04-23,4375.0,4.166666666666666
938,코리아써키트2우B,2019-05-10,4340.0,,,
939,코리아써키트2우B,,,2019-05-15,4500.0,3.686635944700461
940,코리아써키트2우B,2019-06-07,4690.0,,,
941,코리아써키트2우B,,,2019-06-10,4675.0,-0.31982942430703626
942,코리아써키트2우B,2019-07-30,4195.0,,,
943,코리아써키트2우B,,,2019-08-09,3975.0,-5.244338498212158
944,코리아써키트2우B,2019-08-12,3965.0,,,
945,코리아써키트2우B,,,2019-08-13,3985.0,0.5044136191677175
946,코리아써키트2우B,2019-10-30,4770.0,,,
947,코리아써키트2우B,,,2019-11-01,4650.0,-2.515723270440252
948,코리아써키트2우B,2019-11-21,4390.0,,,
949,코리아써키트2우B,,,2019-12-03,4540.0,3.416856492027335
950,코리아써키트2우B,2020-03-12,5020.0,,,
951,코리아써키트2우B,,,2020-03-16,4675.0,-6.872509960159362
952,코리아써키트2우B,2020-03-17,4390.0,,,
953,코리아써키트2우B,,,2020-03-18,4340.0,-1.1389521640091116
954,코리아써키트2우B,2020-03-19,3765.0,,,
955,코리아써키트2우B,,,2020-03-23,3740.0,-0.6640106241699867
956,코리아써키트2우B,2020-03-26,3865.0,,,
957,코리아써키트2우B,,,2020-03-31,4200.0,8.667529107373868
958,코리아써키트2우B,2020-04-10,4500.0,,,
959,코리아써키트2우B,,,2020-04-23,4430.0,-1.5555555555555556
960,코리아써키트2우B,2020-06-22,5700.0,,,
961,코리아써키트2우B,,,2020-06-25,7160.0,25.6140350877193
962,코리아써키트2우B,2020-07-01,5790.0,,,
963,코리아써키트2우B,,,2020-07-02,6270.0,8.290155440414509
964,코리아써키트2우B,2020-08-03,7620.0,,,
965,코리아써키트2우B,,,2020-08-04,7850.0,3.0183727034120733
966,코리아써키트2우B,2020-08-10,7090.0,,,
967,코리아써키트2우B,,,2020-08-25,6120.0,-13.681241184767279
968,코리아써키트2우B,2021-05-12,9250.0,,,
969,코리아써키트2우B,,,2021-05-13,9470.0,2.3783783783783785
970,코리아써키트2우B,2021-05-24,9830.0,,,
971,코리아써키트2우B,,,2021-06-03,9780.0,-0.508646998982706
972,코리아써키트2우B,2021-10-07,8580.0,,,
973,코리아써키트2우B,,,2021-10-27,8920.0,3.9627039627039626
974,코리아써키트2우B,2022-02-04,9370.0,,,
975,코리아써키트2우B,,,2022-02-07,9740.0,3.9487726787620065
976,코리아써키트2우B,2022-06-23,7990.0,,,
977,코리아써키트2우B,,,2022-06-27,8040.0,0.6257822277847309
978,코리아써키트2우B,2023-02-14,14290.0,,,
979,코리아써키트2우B,,,2023-02-23,11890.0,-16.794961511546536
980,한농화성,2018-04-06,5830.0,,,
981,한농화성,,,2018-04-10,5610.0,-3.7735849056603774
982,한농화성,2018-05-04,6400.0,,,
983,한농화성,,,2018-05-21,5590.0,-12.65625
984,한농화성,2018-06-15,4905.0,,,
985,한농화성,,,2018-06-18,5060.0,3.1600407747196737
986,한농화성,2019-07-30,3865.0,,,
987,한농화성,,,2019-07-31,3870.0,0.129366106080207
988,한농화성,2020-03-06,4615.0,,,
989,한농화성,,,2020-03-11,4120.0,-10.725893824485373
990,한농화성,2020-03-17,3300.0,,,
991,한농화성,,,2020-03-18,3585.0,8.636363636363637
992,한농화성,2020-03-19,3500.0,,,
993,한농화성,,,2020-03-23,3030.0,-13.428571428571429
994,한농화성,2020-04-08,4075.0,,,
995,한농화성,,,2020-04-23,4540.0,11.411042944785276
996,한농화성,2020-06-16,4260.0,,,
997,한농화성,,,2020-06-17,4465.0,4.812206572769953
998,한농화성,2020-08-12,6100.0,,,
999,한농화성,,,2020-08-20,6070.0,-0.49180327868852464
1000,한농화성,2020-08-21,6040.0,,,
1001,한농화성,,,2020-08-31,5470.0,-9.437086092715232
1002,한농화성,2020-09-28,6350.0,,,
1003,한농화성,,,2020-09-29,6760.0,6.456692913385827
1004,한농화성,2020-10-19,8610.0,,,
1005,한농화성,,,2020-10-29,7540.0,-12.427409988385598
1006,한농화성,2021-01-25,17400.0,,,
1007,한농화성,,,2021-01-26,18300.0,5.172413793103448
1008,한농화성,2021-02-09,17200.0,,,
1009,한농화성,,,2021-02-24,20900.0,21.511627906976745
1010,한농화성,2021-03-02,19900.0,,,
1011,한농화성,,,2021-03-16,17900.0,-10.050251256281408
1012,한농화성,2021-08-23,12950.0,,,
1013,한농화성,,,2021-08-24,13950.0,7.722007722007722
1014,한농화성,2021-10-19,22300.0,,,
1015,한농화성,,,2021-10-29,20050.0,-10.089686098654708
1016,한농화성,2021-11-02,18000.0,,,
1017,한농화성,,,2021-11-09,18650.0,3.6111111111111107
1018,한농화성,2021-12-01,14900.0,,,
1019,한농화성,,,2021-12-02,15600.0,4.697986577181208
1020,한농화성,2022-01-26,14950.0,,,
1021,한농화성,,,2022-01-27,15150.0,1.3377926421404682
1022,한농화성,2022-01-28,14200.0,,,
1023,한농화성,,,2022-02-03,14950.0,5.28169014084507
1024,한농화성,2022-06-22,13350.0,,,
1025,한농화성,,,2022-06-27,12400.0,-7.116104868913857
1026,한농화성,2022-09-20,15600.0,,,
1027,한농화성,,,2022-09-22,15750.0,0.9615384615384616
1028,한농화성,2022-09-26,14600.0,,,
1029,한농화성,,,2022-09-28,13900.0,-4.794520547945205
1030,한농화성,2022-09-29,13500.0,,,
1031,한농화성,,,2022-10-05,13400.0,-0.7407407407407408
1032,한농화성,2022-10-11,12700.0,,,
1033,한농화성,,,2022-10-18,13000.0,2.3622047244094486
1034,한농화성,2023-03-08,16360.0,,,
1035,한농화성,,,2023-03-14,16730.0,2.26161369193154
1036,한농화성,2023-03-20,15510.0,,,
1037,한농화성,,,2023-03-21,16650.0,7.35009671179884
1038,한농화성,2023-04-05,21750.0,,,
1039,한농화성,,,2023-04-06,21950.0,0.9195402298850575
1040,한농화성,2023-04-13,19000.0,,,
1041,한솔케미칼,2018-04-05,68600.0,,,
1042,한솔케미칼,,,2018-04-10,68800.0,0.2915451895043732
1043,한솔케미칼,2018-11-02,76200.0,,,
1044,한솔케미칼,,,2018-11-12,77800.0,2.099737532808399
1045,한솔케미칼,2018-11-19,79400.0,,,
1046,한솔케미칼,,,2018-11-22,79600.0,0.2518891687657431
1047,한솔케미칼,2018-11-28,77700.0,,,
1048,한솔케미칼,,,2018-12-07,77400.0,-0.3861003861003861
1049,한솔케미칼,2018-12-28,74400.0,,,
1050,한솔케미칼,,,2019-01-02,76400.0,2.6881720430107525
1051,한솔케미칼,2019-02-01,84500.0,,,
1052,한솔케미칼,,,2019-02-12,85700.0,1.4201183431952662
1053,한솔케미칼,2019-07-09,80400.0,,,
1054,한솔케미칼,,,2019-07-17,84900.0,5.597014925373134
1055,한솔케미칼,2020-02-03,105500.0,,,
1056,한솔케미칼,,,2020-02-11,112000.0,6.161137440758294
1057,한솔케미칼,2020-02-14,107000.0,,,
1058,한솔케미칼,,,2020-02-27,97000.0,-9.345794392523365
1059,한솔케미칼,2020-03-04,93700.0,,,
1060,한솔케미칼,,,2020-03-05,94900.0,1.2806830309498398
1061,한솔케미칼,2020-03-06,93700.0,,,
1062,한솔케미칼,,,2020-03-09,92600.0,-1.1739594450373532
1063,한솔케미칼,2020-03-12,92900.0,,,
1064,한솔케미칼,,,2020-03-16,82900.0,-10.76426264800861
1065,한솔케미칼,2020-03-17,78100.0,,,
1066,한솔케미칼,,,2020-03-18,79000.0,1.1523687580025608
1067,한솔케미칼,2020-03-19,75700.0,,,
1068,한솔케미칼,,,2020-03-23,68500.0,-9.5112285336856
1069,한솔케미칼,2020-03-26,76700.0,,,
1070,한솔케미칼,,,2020-03-31,76500.0,-0.2607561929595828
1071,한솔케미칼,2020-04-21,85000.0,,,
1072,한솔케미칼,,,2020-04-23,83700.0,-1.5294117647058825
1073,한솔케미칼,2020-05-12,87800.0,,,
1074,한솔케미칼,,,2020-05-14,85000.0,-3.189066059225513
1075,한솔케미칼,2020-06-12,108000.0,,,
1076,한솔케미칼,,,2020-06-15,115000.0,6.481481481481481
1077,한솔케미칼,2020-06-16,112500.0,,,
1078,한솔케미칼,,,2020-06-17,111500.0,-0.8888888888888888
1079,한솔케미칼,2020-07-08,131500.0,,,
1080,한솔케미칼,,,2020-07-10,137500.0,4.562737642585551
1081,한솔케미칼,2020-08-13,165000.0,,,
1082,한솔케미칼,,,2020-08-19,163000.0,-1.2121212121212122
1083,한솔케미칼,2020-08-21,150000.0,,,
1084,한솔케미칼,,,2020-08-25,156500.0,4.333333333333334
1085,한솔케미칼,2020-10-14,153500.0,,,
1086,한솔케미칼,,,2020-10-16,151500.0,-1.3029315960912053
1087,한솔케미칼,2020-10-27,140500.0,,,
1088,한솔케미칼,,,2020-10-28,138500.0,-1.4234875444839856
1089,한솔케미칼,2020-11-02,141500.0,,,
1090,한솔케미칼,,,2020-11-04,150500.0,6.36042402826855
1091,한솔케미칼,2020-11-09,151500.0,,,
1092,한솔케미칼,,,2020-11-10,154000.0,1.65016501650165
1093,한솔케미칼,2020-11-19,161000.0,,,
1094,한솔케미칼,,,2020-11-20,163000.0,1.2422360248447204
1095,한솔케미칼,2020-11-26,160500.0,,,
1096,한솔케미칼,,,2020-12-02,159000.0,-0.9345794392523363
1097,한솔케미칼,2021-01-07,190500.0,,,
1098,한솔케미칼,,,2021-01-13,190000.0,-0.26246719160104987
1099,한솔케미칼,2021-02-01,192500.0,,,
1100,한솔케미칼,,,2021-02-02,200000.0,3.896103896103896
1101,한솔케미칼,2021-03-03,236000.0,,,
1102,한솔케미칼,,,2021-03-05,229500.0,-2.754237288135593
1103,한솔케미칼,2021-03-09,229500.0,,,
1104,한솔케미칼,,,2021-03-12,229500.0,0.0
1105,한솔케미칼,2021-03-30,237500.0,,,
1106,한솔케미칼,,,2021-04-02,260000.0,9.473684210526317
1107,한솔케미칼,2021-05-18,238000.0,,,
1108,한솔케미칼,,,2021-05-21,240000.0,0.8403361344537815
1109,한솔케미칼,2021-07-29,265000.0,,,
1110,한솔케미칼,,,2021-07-30,271000.0,2.2641509433962264
1111,한솔케미칼,2021-08-18,286000.0,,,
1112,한솔케미칼,,,2021-08-26,300500.0,5.06993006993007
1113,한솔케미칼,2021-10-21,347000.0,,,
1114,한솔케미칼,,,2021-10-29,339500.0,-2.161383285302594
1115,한솔케미칼,2021-11-01,330500.0,,,
1116,한솔케미칼,,,2021-11-08,341000.0,3.177004538577912
1117,한솔케미칼,2021-11-16,317000.0,,,
1118,한솔케미칼,,,2021-11-19,313500.0,-1.1041009463722398
1119,한솔케미칼,2021-12-01,298500.0,,,
1120,한솔케미칼,,,2021-12-02,305000.0,2.1775544388609713
1121,한솔케미칼,2022-01-26,234000.0,,,
1122,한솔케미칼,,,2022-02-07,225500.0,-3.632478632478633
1123,한솔케미칼,2022-04-12,222000.0,,,
1124,한솔케미칼,,,2022-04-20,228000.0,2.7027027027027026
1125,한솔케미칼,2022-05-25,254500.0,,,
1126,한솔케미칼,,,2022-06-02,264000.0,3.732809430255403
1127,한솔케미칼,2022-06-23,209000.0,,,
1128,한솔케미칼,,,2022-06-27,218500.0,4.545454545454546
1129,한솔케미칼,2022-07-01,203000.0,,,
1130,한솔케미칼,,,2022-07-07,215000.0,5.911330049261084
1131,한솔케미칼,2022-09-20,203000.0,,,
1132,한솔케미칼,,,2022-09-22,185500.0,-8.620689655172415
1133,한솔케미칼,2022-10-14,169500.0,,,
1134,한솔케미칼,,,2022-10-18,176000.0,3.8348082595870205
1135,한솔케미칼,2022-11-15,204000.0,,,
1136,한솔케미칼,,,2022-11-16,211000.0,3.431372549019608
1137,한솔케미칼,2022-11-22,202000.0,,,
1138,한솔케미칼,,,2022-11-28,206000.0,1.9801980198019802
1139,한솔케미칼,2023-04-04,232000.0,,,
1140,한솔케미칼,,,2023-04-11,248500.0,7.112068965517242
